timestamp,count
2024-07-01 08:00:00+02:00,47
2024-07-01 08:30:00+02:00,47
2024-07-01 09:00:00+02:00,46
2024-07-01 09:30:00+02:00,42
2024-07-01 10:00:00+02:00,76
2024-07-01 10:30:00+02:00,70
2024-07-01 11:00:00+02:00,60
2024-07-01 11:30:00+02:00,65
2024-07-01 12:00:00+02:00,53
2024-07-01 12:30:00+02:00,44
2024-07-01 13:00:00+02:00,40
2024-07-01 13:30:00+02:00,41
2024-07-01 14:00:00+02:00,40
2024-07-01 14:30:00+02:00,32
2024-07-01 15:00:00+02:00,51
2024-07-01 15:30:00+02:00,60
2024-07-01 16:00:00+02:00,79
2024-07-01 16:30:00+02:00,70
2024-07-01 17:00:00+02:00,55
2024-07-01 17:30:00+02:00,80
2024-07-02 08:00:00+02:00,33
2024-07-02 08:30:00+02:00,37
2024-07-02 09:00:00+02:00,25
2024-07-02 09:30:00+02:00,34
2024-07-02 10:00:00+02:00,63
2024-07-02 10:30:00+02:00,58
2024-07-02 11:00:00+02:00,52
2024-07-02 11:30:00+02:00,53
2024-07-02 12:00:00+02:00,44
2024-07-02 12:30:00+02:00,43
2024-07-02 13:00:00+02:00,33
2024-07-02 13:30:00+02:00,36
2024-07-02 14:00:00+02:00,27
2024-07-02 14:30:00+02:00,26
2024-07-02 15:00:00+02:00,41
2024-07-02 15:30:00+02:00,43
2024-07-02 16:00:00+02:00,43
2024-07-02 16:30:00+02:00,52
2024-07-02 17:00:00+02:00,61
2024-07-02 17:30:00+02:00,55
2024-07-03 08:00:00+02:00,22
2024-07-03 08:30:00+02:00,27
2024-07-03 09:00:00+02:00,24
2024-07-03 09:30:00+02:00,24
2024-07-03 10:00:00+02:00,31
2024-07-03 10:30:00+02:00,40
2024-07-03 11:00:00+02:00,41
2024-07-03 11:30:00+02:00,35
2024-07-03 12:00:00+02:00,25
2024-07-03 12:30:00+02:00,24
2024-07-03 13:00:00+02:00,18
2024-07-03 13:30:00+02:00,23
2024-07-03 14:00:00+02:00,21
2024-07-03 14:30:00+02:00,19
2024-07-03 15:00:00+02:00,33
2024-07-03 15:30:00+02:00,27
2024-07-03 16:00:00+02:00,31
2024-07-03 16:30:00+02:00,44
2024-07-03 17:00:00+02:00,36
2024-07-03 17:30:00+02:00,37
2024-07-04 08:00:00+02:00,28
2024-07-04 08:30:00+02:00,36
2024-07-04 09:00:00+02:00,32
2024-07-04 09:30:00+02:00,32
2024-07-04 10:00:00+02:00,45
2024-07-04 10:30:00+02:00,50
2024-07-04 11:00:00+02:00,48
2024-07-04 11:30:00+02:00,60
2024-07-04 12:00:00+02:00,39
2024-07-04 12:30:00+02:00,36
2024-07-04 13:00:00+02:00,36
2024-07-04 13:30:00+02:00,44
2024-07-04 14:00:00+02:00,29
2024-07-04 14:30:00+02:00,27
2024-07-04 15:00:00+02:00,37
2024-07-04 15:30:00+02:00,37
2024-07-04 16:00:00+02:00,47
2024-07-04 16:30:00+02:00,57
2024-07-04 17:00:00+02:00,59
2024-07-04 17:30:00+02:00,50
2024-07-05 08:00:00+02:00,42
2024-07-05 08:30:00+02:00,46
2024-07-05 09:00:00+02:00,40
2024-07-05 09:30:00+02:00,49
2024-07-05 10:00:00+02:00,66
2024-07-05 10:30:00+02:00,61
2024-07-05 11:00:00+02:00,74
2024-07-05 11:30:00+02:00,67
2024-07-05 12:00:00+02:00,49
2024-07-05 12:30:00+02:00,62
2024-07-05 13:00:00+02:00,34
2024-07-05 13:30:00+02:00,45
2024-07-05 14:00:00+02:00,36
2024-07-05 14:30:00+02:00,38
2024-07-05 15:00:00+02:00,48
2024-07-05 15:30:00+02:00,54
2024-07-05 16:00:00+02:00,71
2024-07-05 16:30:00+02:00,74
2024-07-05 17:00:00+02:00,70
2024-07-05 17:30:00+02:00,83
2024-07-06 09:00:00+02:00,19
2024-07-06 09:30:00+02:00,24
2024-07-06 10:00:00+02:00,27
2024-07-06 10:30:00+02:00,34
2024-07-06 11:00:00+02:00,30
2024-07-06 11:30:00+02:00,30
2024-07-06 12:00:00+02:00,25
2024-07-06 12:30:00+02:00,21
2024-07-08 08:00:00+02:00,53
2024-07-08 08:30:00+02:00,50
2024-07-08 09:00:00+02:00,48
2024-07-08 09:30:00+02:00,47
2024-07-08 10:00:00+02:00,61
2024-07-08 10:30:00+02:00,61
2024-07-08 11:00:00+02:00,83
2024-07-08 11:30:00+02:00,76
2024-07-08 12:00:00+02:00,46
2024-07-08 12:30:00+02:00,38
2024-07-08 13:00:00+02:00,39
2024-07-08 13:30:00+02:00,44
2024-07-08 14:00:00+02:00,31
2024-07-08 14:30:00+02:00,36
2024-07-08 15:00:00+02:00,57
2024-07-08 15:30:00+02:00,58
2024-07-08 16:00:00+02:00,71
2024-07-08 16:30:00+02:00,63
2024-07-08 17:00:00+02:00,72
2024-07-08 17:30:00+02:00,81
2024-07-09 08:00:00+02:00,37
2024-07-09 08:30:00+02:00,36
2024-07-09 09:00:00+02:00,37
2024-07-09 09:30:00+02:00,26
2024-07-09 10:00:00+02:00,64
2024-07-09 10:30:00+02:00,50
2024-07-09 11:00:00+02:00,50
2024-07-09 11:30:00+02:00,51
2024-07-09 12:00:00+02:00,39
2024-07-09 12:30:00+02:00,33
2024-07-09 13:00:00+02:00,30
2024-07-09 13:30:00+02:00,30
2024-07-09 14:00:00+02:00,35
2024-07-09 14:30:00+02:00,24
2024-07-09 15:00:00+02:00,41
2024-07-09 15:30:00+02:00,41
2024-07-09 16:00:00+02:00,52
2024-07-09 16:30:00+02:00,67
2024-07-09 17:00:00+02:00,56
2024-07-09 17:30:00+02:00,43
2024-07-10 08:00:00+02:00,23
2024-07-10 08:30:00+02:00,26
2024-07-10 09:00:00+02:00,20
2024-07-10 09:30:00+02:00,24
2024-07-10 10:00:00+02:00,37
2024-07-10 10:30:00+02:00,30
2024-07-10 11:00:00+02:00,35
2024-07-10 11:30:00+02:00,38
2024-07-10 12:00:00+02:00,32
2024-07-10 12:30:00+02:00,28
2024-07-10 13:00:00+02:00,19
2024-07-10 13:30:00+02:00,20
2024-07-10 14:00:00+02:00,26
2024-07-10 14:30:00+02:00,22
2024-07-10 15:00:00+02:00,24
2024-07-10 15:30:00+02:00,27
2024-07-10 16:00:00+02:00,38
2024-07-10 16:30:00+02:00,47
2024-07-10 17:00:00+02:00,36
2024-07-10 17:30:00+02:00,32
2024-07-11 08:00:00+02:00,32
2024-07-11 08:30:00+02:00,39
2024-07-11 09:00:00+02:00,35
2024-07-11 09:30:00+02:00,43
2024-07-11 10:00:00+02:00,43
2024-07-11 10:30:00+02:00,45
2024-07-11 11:00:00+02:00,60
2024-07-11 11:30:00+02:00,59
2024-07-11 12:00:00+02:00,45
2024-07-11 12:30:00+02:00,35
2024-07-11 13:00:00+02:00,29
2024-07-11 13:30:00+02:00,26
2024-07-11 14:00:00+02:00,27
2024-07-11 14:30:00+02:00,29
2024-07-11 15:00:00+02:00,45
2024-07-11 15:30:00+02:00,36
2024-07-11 16:00:00+02:00,56
2024-07-11 16:30:00+02:00,54
2024-07-11 17:00:00+02:00,52
2024-07-11 17:30:00+02:00,53
2024-07-12 08:00:00+02:00,41
2024-07-12 08:30:00+02:00,39
2024-07-12 09:00:00+02:00,48
2024-07-12 09:30:00+02:00,39
2024-07-12 10:00:00+02:00,70
2024-07-12 10:30:00+02:00,65
2024-07-12 11:00:00+02:00,79
2024-07-12 11:30:00+02:00,84
2024-07-12 12:00:00+02:00,57
2024-07-12 12:30:00+02:00,59
2024-07-12 13:00:00+02:00,42
2024-07-12 13:30:00+02:00,48
2024-07-12 14:00:00+02:00,38
2024-07-12 14:30:00+02:00,31
2024-07-12 15:00:00+02:00,55
2024-07-12 15:30:00+02:00,53
2024-07-12 16:00:00+02:00,66
2024-07-12 16:30:00+02:00,67
2024-07-12 17:00:00+02:00,73
2024-07-12 17:30:00+02:00,77
2024-07-13 09:00:00+02:00,19
2024-07-13 09:30:00+02:00,20
2024-07-13 10:00:00+02:00,37
2024-07-13 10:30:00+02:00,37
2024-07-13 11:00:00+02:00,32
2024-07-13 11:30:00+02:00,34
2024-07-13 12:00:00+02:00,21
2024-07-13 12:30:00+02:00,26
2024-07-15 08:00:00+02:00,33
2024-07-15 08:30:00+02:00,38
2024-07-15 09:00:00+02:00,38
2024-07-15 09:30:00+02:00,45
2024-07-15 10:00:00+02:00,76
2024-07-15 10:30:00+02:00,75
2024-07-15 11:00:00+02:00,77
2024-07-15 11:30:00+02:00,77
2024-07-15 12:00:00+02:00,54
2024-07-15 12:30:00+02:00,39
2024-07-15 13:00:00+02:00,38
2024-07-15 13:30:00+02:00,35
2024-07-15 14:00:00+02:00,40
2024-07-15 14:30:00+02:00,38
2024-07-15 15:00:00+02:00,48
2024-07-15 15:30:00+02:00,53
2024-07-15 16:00:00+02:00,78
2024-07-15 16:30:00+02:00,68
2024-07-15 17:00:00+02:00,61
2024-07-15 17:30:00+02:00,72
2024-07-16 08:00:00+02:00,31
2024-07-16 08:30:00+02:00,34
2024-07-16 09:00:00+02:00,33
2024-07-16 09:30:00+02:00,37
2024-07-16 10:00:00+02:00,58
2024-07-16 10:30:00+02:00,61
2024-07-16 11:00:00+02:00,60
2024-07-16 11:30:00+02:00,75
2024-07-16 12:00:00+02:00,38
2024-07-16 12:30:00+02:00,43
2024-07-16 13:00:00+02:00,22
2024-07-16 13:30:00+02:00,35
2024-07-16 14:00:00+02:00,33
2024-07-16 14:30:00+02:00,25
2024-07-16 15:00:00+02:00,46
2024-07-16 15:30:00+02:00,41
2024-07-16 16:00:00+02:00,57
2024-07-16 16:30:00+02:00,62
2024-07-16 17:00:00+02:00,59
2024-07-16 17:30:00+02:00,54
2024-07-17 08:00:00+02:00,29
2024-07-17 08:30:00+02:00,23
2024-07-17 09:00:00+02:00,28
2024-07-17 09:30:00+02:00,21
2024-07-17 10:00:00+02:00,30
2024-07-17 10:30:00+02:00,37
2024-07-17 11:00:00+02:00,29
2024-07-17 11:30:00+02:00,38
2024-07-17 12:00:00+02:00,25
2024-07-17 12:30:00+02:00,24
2024-07-17 13:00:00+02:00,21
2024-07-17 13:30:00+02:00,26
2024-07-17 14:00:00+02:00,20
2024-07-17 14:30:00+02:00,21
2024-07-17 15:00:00+02:00,25
2024-07-17 15:30:00+02:00,31
2024-07-17 16:00:00+02:00,33
2024-07-17 16:30:00+02:00,36
2024-07-17 17:00:00+02:00,45
2024-07-17 17:30:00+02:00,33
2024-07-18 08:00:00+02:00,29
2024-07-18 08:30:00+02:00,28
2024-07-18 09:00:00+02:00,36
2024-07-18 09:30:00+02:00,29
2024-07-18 10:00:00+02:00,48
2024-07-18 10:30:00+02:00,48
2024-07-18 11:00:00+02:00,58
2024-07-18 11:30:00+02:00,54
2024-07-18 12:00:00+02:00,33
2024-07-18 12:30:00+02:00,39
2024-07-18 13:00:00+02:00,29
2024-07-18 13:30:00+02:00,32
2024-07-18 14:00:00+02:00,33
2024-07-18 14:30:00+02:00,35
2024-07-18 15:00:00+02:00,51
2024-07-18 15:30:00+02:00,38
2024-07-18 16:00:00+02:00,51
2024-07-18 16:30:00+02:00,51
2024-07-18 17:00:00+02:00,60
2024-07-18 17:30:00+02:00,53
2024-07-19 08:00:00+02:00,40
2024-07-19 08:30:00+02:00,39
2024-07-19 09:00:00+02:00,49
2024-07-19 09:30:00+02:00,41
2024-07-19 10:00:00+02:00,62
2024-07-19 10:30:00+02:00,61
2024-07-19 11:00:00+02:00,85
2024-07-19 11:30:00+02:00,74
2024-07-19 12:00:00+02:00,44
2024-07-19 12:30:00+02:00,59
2024-07-19 13:00:00+02:00,38
2024-07-19 13:30:00+02:00,43
2024-07-19 14:00:00+02:00,40
2024-07-19 14:30:00+02:00,40
2024-07-19 15:00:00+02:00,66
2024-07-19 15:30:00+02:00,49
2024-07-19 16:00:00+02:00,60
2024-07-19 16:30:00+02:00,67
2024-07-19 17:00:00+02:00,82
2024-07-19 17:30:00+02:00,80
2024-07-20 09:00:00+02:00,20
2024-07-20 09:30:00+02:00,22
2024-07-20 10:00:00+02:00,28
2024-07-20 10:30:00+02:00,34
2024-07-20 11:00:00+02:00,36
2024-07-20 11:30:00+02:00,27
2024-07-20 12:00:00+02:00,28
2024-07-20 12:30:00+02:00,29
2024-07-22 08:00:00+02:00,43
2024-07-22 08:30:00+02:00,57
2024-07-22 09:00:00+02:00,36
2024-07-22 09:30:00+02:00,46
2024-07-22 10:00:00+02:00,59
2024-07-22 10:30:00+02:00,68
2024-07-22 11:00:00+02:00,66
2024-07-22 11:30:00+02:00,67
2024-07-22 12:00:00+02:00,54
2024-07-22 12:30:00+02:00,56
2024-07-22 13:00:00+02:00,36
2024-07-22 13:30:00+02:00,38
2024-07-22 14:00:00+02:00,43
2024-07-22 14:30:00+02:00,43
2024-07-22 15:00:00+02:00,60
2024-07-22 15:30:00+02:00,60
2024-07-22 16:00:00+02:00,61
2024-07-22 16:30:00+02:00,71
2024-07-22 17:00:00+02:00,67
2024-07-22 17:30:00+02:00,73
2024-07-23 08:00:00+02:00,32
2024-07-23 08:30:00+02:00,28
2024-07-23 09:00:00+02:00,33
2024-07-23 09:30:00+02:00,40
2024-07-23 10:00:00+02:00,45
2024-07-23 10:30:00+02:00,53
2024-07-23 11:00:00+02:00,52
2024-07-23 11:30:00+02:00,52
2024-07-23 12:00:00+02:00,36
2024-07-23 12:30:00+02:00,49
2024-07-23 13:00:00+02:00,25
2024-07-23 13:30:00+02:00,28
2024-07-23 14:00:00+02:00,29
2024-07-23 14:30:00+02:00,30
2024-07-23 15:00:00+02:00,36
2024-07-23 15:30:00+02:00,39
2024-07-23 16:00:00+02:00,45
2024-07-23 16:30:00+02:00,52
2024-07-23 17:00:00+02:00,54
2024-07-23 17:30:00+02:00,52
2024-07-24 08:00:00+02:00,21
2024-07-24 08:30:00+02:00,21
2024-07-24 09:00:00+02:00,22
2024-07-24 09:30:00+02:00,28
2024-07-24 10:00:00+02:00,34
2024-07-24 10:30:00+02:00,31
2024-07-24 11:00:00+02:00,37
2024-07-24 11:30:00+02:00,44
2024-07-24 12:00:00+02:00,31
2024-07-24 12:30:00+02:00,27
2024-07-24 13:00:00+02:00,21
2024-07-24 13:30:00+02:00,23
2024-07-24 14:00:00+02:00,19
2024-07-24 14:30:00+02:00,22
2024-07-24 15:00:00+02:00,23
2024-07-24 15:30:00+02:00,31
2024-07-24 16:00:00+02:00,47
2024-07-24 16:30:00+02:00,46
2024-07-24 17:00:00+02:00,40
2024-07-24 17:30:00+02:00,36
2024-07-25 08:00:00+02:00,35
2024-07-25 08:30:00+02:00,33
2024-07-25 09:00:00+02:00,37
2024-07-25 09:30:00+02:00,30
2024-07-25 10:00:00+02:00,59
2024-07-25 10:30:00+02:00,54
2024-07-25 11:00:00+02:00,51
2024-07-25 11:30:00+02:00,46
2024-07-25 12:00:00+02:00,42
2024-07-25 12:30:00+02:00,35
2024-07-25 13:00:00+02:00,29
2024-07-25 13:30:00+02:00,33
2024-07-25 14:00:00+02:00,32
2024-07-25 14:30:00+02:00,35
2024-07-25 15:00:00+02:00,39
2024-07-25 15:30:00+02:00,41
2024-07-25 16:00:00+02:00,62
2024-07-25 16:30:00+02:00,44
2024-07-25 17:00:00+02:00,52
2024-07-25 17:30:00+02:00,51
2024-07-26 08:00:00+02:00,37
2024-07-26 08:30:00+02:00,41
2024-07-26 09:00:00+02:00,41
2024-07-26 09:30:00+02:00,41
2024-07-26 10:00:00+02:00,87
2024-07-26 10:30:00+02:00,65
2024-07-26 11:00:00+02:00,63
2024-07-26 11:30:00+02:00,72
2024-07-26 12:00:00+02:00,44
2024-07-26 12:30:00+02:00,56
2024-07-26 13:00:00+02:00,39
2024-07-26 13:30:00+02:00,48
2024-07-26 14:00:00+02:00,44
2024-07-26 14:30:00+02:00,37
2024-07-26 15:00:00+02:00,43
2024-07-26 15:30:00+02:00,56
2024-07-26 16:00:00+02:00,62
2024-07-26 16:30:00+02:00,74
2024-07-26 17:00:00+02:00,53
2024-07-26 17:30:00+02:00,81
2024-07-27 09:00:00+02:00,18
2024-07-27 09:30:00+02:00,19
2024-07-27 10:00:00+02:00,37
2024-07-27 10:30:00+02:00,35
2024-07-27 11:00:00+02:00,39
2024-07-27 11:30:00+02:00,32
2024-07-27 12:00:00+02:00,18
2024-07-27 12:30:00+02:00,24
2024-07-29 08:00:00+02:00,39
2024-07-29 08:30:00+02:00,42
2024-07-29 09:00:00+02:00,39
2024-07-29 09:30:00+02:00,44
2024-07-29 10:00:00+02:00,67
2024-07-29 10:30:00+02:00,72
2024-07-29 11:00:00+02:00,70
2024-07-29 11:30:00+02:00,91
2024-07-29 12:00:00+02:00,57
2024-07-29 12:30:00+02:00,54
2024-07-29 13:00:00+02:00,50
2024-07-29 13:30:00+02:00,46
2024-07-29 14:00:00+02:00,30
2024-07-29 14:30:00+02:00,44
2024-07-29 15:00:00+02:00,54
2024-07-29 15:30:00+02:00,49
2024-07-29 16:00:00+02:00,73
2024-07-29 16:30:00+02:00,58
2024-07-29 17:00:00+02:00,65
2024-07-29 17:30:00+02:00,82
2024-07-30 08:00:00+02:00,25
2024-07-30 08:30:00+02:00,37
2024-07-30 09:00:00+02:00,35
2024-07-30 09:30:00+02:00,31
2024-07-30 10:00:00+02:00,52
2024-07-30 10:30:00+02:00,49
2024-07-30 11:00:00+02:00,60
2024-07-30 11:30:00+02:00,65
2024-07-30 12:00:00+02:00,37
2024-07-30 12:30:00+02:00,38
2024-07-30 13:00:00+02:00,32
2024-07-30 13:30:00+02:00,24
2024-07-30 14:00:00+02:00,22
2024-07-30 14:30:00+02:00,34
2024-07-30 15:00:00+02:00,45
2024-07-30 15:30:00+02:00,38
2024-07-30 16:00:00+02:00,59
2024-07-30 16:30:00+02:00,55
2024-07-30 17:00:00+02:00,47
2024-07-30 17:30:00+02:00,54
2024-07-31 08:00:00+02:00,22
2024-07-31 08:30:00+02:00,21
2024-07-31 09:00:00+02:00,23
2024-07-31 09:30:00+02:00,18
2024-07-31 10:00:00+02:00,42
2024-07-31 10:30:00+02:00,32
2024-07-31 11:00:00+02:00,46
2024-07-31 11:30:00+02:00,33
2024-07-31 12:00:00+02:00,28
2024-07-31 12:30:00+02:00,27
2024-07-31 13:00:00+02:00,22
2024-07-31 13:30:00+02:00,20
2024-07-31 14:00:00+02:00,22
2024-07-31 14:30:00+02:00,23
2024-07-31 15:00:00+02:00,24
2024-07-31 15:30:00+02:00,30
2024-07-31 16:00:00+02:00,35
2024-07-31 16:30:00+02:00,35
2024-07-31 17:00:00+02:00,30
2024-07-31 17:30:00+02:00,40
2024-08-01 08:00:00+02:00,34
2024-08-01 08:30:00+02:00,39
2024-08-01 09:00:00+02:00,37
2024-08-01 09:30:00+02:00,39
2024-08-01 10:00:00+02:00,60
2024-08-01 10:30:00+02:00,54
2024-08-01 11:00:00+02:00,50
2024-08-01 11:30:00+02:00,42
2024-08-01 12:00:00+02:00,50
2024-08-01 12:30:00+02:00,28
2024-08-01 13:00:00+02:00,30
2024-08-01 13:30:00+02:00,26
2024-08-01 14:00:00+02:00,29
2024-08-01 14:30:00+02:00,37
2024-08-01 15:00:00+02:00,39
2024-08-01 15:30:00+02:00,47
2024-08-01 16:00:00+02:00,61
2024-08-01 16:30:00+02:00,56
2024-08-01 17:00:00+02:00,63
2024-08-01 17:30:00+02:00,57
2024-08-02 08:00:00+02:00,46
2024-08-02 08:30:00+02:00,34
2024-08-02 09:00:00+02:00,50
2024-08-02 09:30:00+02:00,50
2024-08-02 10:00:00+02:00,72
2024-08-02 10:30:00+02:00,84
2024-08-02 11:00:00+02:00,84
2024-08-02 11:30:00+02:00,89
2024-08-02 12:00:00+02:00,56
2024-08-02 12:30:00+02:00,53
2024-08-02 13:00:00+02:00,36
2024-08-02 13:30:00+02:00,39
2024-08-02 14:00:00+02:00,50
2024-08-02 14:30:00+02:00,50
2024-08-02 15:00:00+02:00,57
2024-08-02 15:30:00+02:00,47
2024-08-02 16:00:00+02:00,69
2024-08-02 16:30:00+02:00,80
2024-08-02 17:00:00+02:00,73
2024-08-02 17:30:00+02:00,80
2024-08-03 09:00:00+02:00,21
2024-08-03 09:30:00+02:00,18
2024-08-03 10:00:00+02:00,30
2024-08-03 10:30:00+02:00,29
2024-08-03 11:00:00+02:00,31
2024-08-03 11:30:00+02:00,40
2024-08-03 12:00:00+02:00,32
2024-08-03 12:30:00+02:00,25
2024-08-05 08:00:00+02:00,54
2024-08-05 08:30:00+02:00,44
2024-08-05 09:00:00+02:00,45
2024-08-05 09:30:00+02:00,47
2024-08-05 10:00:00+02:00,85
2024-08-05 10:30:00+02:00,66
2024-08-05 11:00:00+02:00,72
2024-08-05 11:30:00+02:00,82
2024-08-05 12:00:00+02:00,51
2024-08-05 12:30:00+02:00,45
2024-08-05 13:00:00+02:00,44
2024-08-05 13:30:00+02:00,43
2024-08-05 14:00:00+02:00,41
2024-08-05 14:30:00+02:00,40
2024-08-05 15:00:00+02:00,47
2024-08-05 15:30:00+02:00,56
2024-08-05 16:00:00+02:00,66
2024-08-05 16:30:00+02:00,66
2024-08-05 17:00:00+02:00,65
2024-08-05 17:30:00+02:00,97
2024-08-06 08:00:00+02:00,39
2024-08-06 08:30:00+02:00,30
2024-08-06 09:00:00+02:00,38
2024-08-06 09:30:00+02:00,33
2024-08-06 10:00:00+02:00,65
2024-08-06 10:30:00+02:00,54
2024-08-06 11:00:00+02:00,53
2024-08-06 11:30:00+02:00,55
2024-08-06 12:00:00+02:00,37
2024-08-06 12:30:00+02:00,34
2024-08-06 13:00:00+02:00,37
2024-08-06 13:30:00+02:00,24
2024-08-06 14:00:00+02:00,32
2024-08-06 14:30:00+02:00,27
2024-08-06 15:00:00+02:00,45
2024-08-06 15:30:00+02:00,44
2024-08-06 16:00:00+02:00,54
2024-08-06 16:30:00+02:00,51
2024-08-06 17:00:00+02:00,58
2024-08-06 17:30:00+02:00,56
2024-08-07 08:00:00+02:00,22
2024-08-07 08:30:00+02:00,21
2024-08-07 09:00:00+02:00,20
2024-08-07 09:30:00+02:00,23
2024-08-07 10:00:00+02:00,42
2024-08-07 10:30:00+02:00,42
2024-08-07 11:00:00+02:00,38
2024-08-07 11:30:00+02:00,42
2024-08-07 12:00:00+02:00,34
2024-08-07 12:30:00+02:00,26
2024-08-07 13:00:00+02:00,24
2024-08-07 13:30:00+02:00,24
2024-08-07 14:00:00+02:00,22
2024-08-07 14:30:00+02:00,21
2024-08-07 15:00:00+02:00,43
2024-08-07 15:30:00+02:00,35
2024-08-07 16:00:00+02:00,47
2024-08-07 16:30:00+02:00,32
2024-08-07 17:00:00+02:00,36
2024-08-07 17:30:00+02:00,37
2024-08-08 08:00:00+02:00,36
2024-08-08 08:30:00+02:00,31
2024-08-08 09:00:00+02:00,41
2024-08-08 09:30:00+02:00,45
2024-08-08 10:00:00+02:00,66
2024-08-08 10:30:00+02:00,62
2024-08-08 11:00:00+02:00,54
2024-08-08 11:30:00+02:00,55
2024-08-08 12:00:00+02:00,43
2024-08-08 12:30:00+02:00,37
2024-08-08 13:00:00+02:00,35
2024-08-08 13:30:00+02:00,34
2024-08-08 14:00:00+02:00,30
2024-08-08 14:30:00+02:00,40
2024-08-08 15:00:00+02:00,38
2024-08-08 15:30:00+02:00,56
2024-08-08 16:00:00+02:00,56
2024-08-08 16:30:00+02:00,55
2024-08-08 17:00:00+02:00,64
2024-08-08 17:30:00+02:00,62
2024-08-09 08:00:00+02:00,44
2024-08-09 08:30:00+02:00,57
2024-08-09 09:00:00+02:00,50
2024-08-09 09:30:00+02:00,38
2024-08-09 10:00:00+02:00,73
2024-08-09 10:30:00+02:00,78
2024-08-09 11:00:00+02:00,73
2024-08-09 11:30:00+02:00,61
2024-08-09 12:00:00+02:00,51
2024-08-09 12:30:00+02:00,46
2024-08-09 13:00:00+02:00,38
2024-08-09 13:30:00+02:00,43
2024-08-09 14:00:00+02:00,33
2024-08-09 14:30:00+02:00,45
2024-08-09 15:00:00+02:00,58
2024-08-09 15:30:00+02:00,45
2024-08-09 16:00:00+02:00,70
2024-08-09 16:30:00+02:00,89
2024-08-09 17:00:00+02:00,97
2024-08-09 17:30:00+02:00,79
2024-08-10 09:00:00+02:00,16
2024-08-10 09:30:00+02:00,19
2024-08-10 10:00:00+02:00,34
2024-08-10 10:30:00+02:00,32
2024-08-10 11:00:00+02:00,39
2024-08-10 11:30:00+02:00,43
2024-08-10 12:00:00+02:00,21
2024-08-10 12:30:00+02:00,26
2024-08-12 08:00:00+02:00,53
2024-08-12 08:30:00+02:00,44
2024-08-12 09:00:00+02:00,39
2024-08-12 09:30:00+02:00,43
2024-08-12 10:00:00+02:00,67
2024-08-12 10:30:00+02:00,61
2024-08-12 11:00:00+02:00,69
2024-08-12 11:30:00+02:00,68
2024-08-12 12:00:00+02:00,49
2024-08-12 12:30:00+02:00,45
2024-08-12 13:00:00+02:00,45
2024-08-12 13:30:00+02:00,35
2024-08-12 14:00:00+02:00,45
2024-08-12 14:30:00+02:00,44
2024-08-12 15:00:00+02:00,58
2024-08-12 15:30:00+02:00,52
2024-08-12 16:00:00+02:00,74
2024-08-12 16:30:00+02:00,83
2024-08-12 17:00:00+02:00,67
2024-08-12 17:30:00+02:00,66
2024-08-13 08:00:00+02:00,41
2024-08-13 08:30:00+02:00,42
2024-08-13 09:00:00+02:00,34
2024-08-13 09:30:00+02:00,28
2024-08-13 10:00:00+02:00,51
2024-08-13 10:30:00+02:00,54
2024-08-13 11:00:00+02:00,61
2024-08-13 11:30:00+02:00,55
2024-08-13 12:00:00+02:00,51
2024-08-13 12:30:00+02:00,39
2024-08-13 13:00:00+02:00,29
2024-08-13 13:30:00+02:00,32
2024-08-13 14:00:00+02:00,35
2024-08-13 14:30:00+02:00,40
2024-08-13 15:00:00+02:00,42
2024-08-13 15:30:00+02:00,45
2024-08-13 16:00:00+02:00,71
2024-08-13 16:30:00+02:00,63
2024-08-13 17:00:00+02:00,58
2024-08-13 17:30:00+02:00,54
2024-08-14 08:00:00+02:00,24
2024-08-14 08:30:00+02:00,24
2024-08-14 09:00:00+02:00,23
2024-08-14 09:30:00+02:00,24
2024-08-14 10:00:00+02:00,36
2024-08-14 10:30:00+02:00,41
2024-08-14 11:00:00+02:00,34
2024-08-14 11:30:00+02:00,36
2024-08-14 12:00:00+02:00,34
2024-08-14 12:30:00+02:00,28
2024-08-14 13:00:00+02:00,23
2024-08-14 13:30:00+02:00,28
2024-08-14 14:00:00+02:00,21
2024-08-14 14:30:00+02:00,19
2024-08-14 15:00:00+02:00,35
2024-08-14 15:30:00+02:00,32
2024-08-14 16:00:00+02:00,37
2024-08-14 16:30:00+02:00,42
2024-08-14 17:00:00+02:00,33
2024-08-14 17:30:00+02:00,46
2024-08-15 08:00:00+02:00,34
2024-08-15 08:30:00+02:00,32
2024-08-15 09:00:00+02:00,36
2024-08-15 09:30:00+02:00,39
2024-08-15 10:00:00+02:00,66
2024-08-15 10:30:00+02:00,56
2024-08-15 11:00:00+02:00,58
2024-08-15 11:30:00+02:00,59
2024-08-15 12:00:00+02:00,42
2024-08-15 12:30:00+02:00,40
2024-08-15 13:00:00+02:00,26
2024-08-15 13:30:00+02:00,33
2024-08-15 14:00:00+02:00,31
2024-08-15 14:30:00+02:00,26
2024-08-15 15:00:00+02:00,49
2024-08-15 15:30:00+02:00,46
2024-08-15 16:00:00+02:00,52
2024-08-15 16:30:00+02:00,48
2024-08-15 17:00:00+02:00,65
2024-08-15 17:30:00+02:00,56
2024-08-16 08:00:00+02:00,44
2024-08-16 08:30:00+02:00,40
2024-08-16 09:00:00+02:00,46
2024-08-16 09:30:00+02:00,45
2024-08-16 10:00:00+02:00,93
2024-08-16 10:30:00+02:00,70
2024-08-16 11:00:00+02:00,80
2024-08-16 11:30:00+02:00,73
2024-08-16 12:00:00+02:00,47
2024-08-16 12:30:00+02:00,58
2024-08-16 13:00:00+02:00,38
2024-08-16 13:30:00+02:00,43
2024-08-16 14:00:00+02:00,40
2024-08-16 14:30:00+02:00,36
2024-08-16 15:00:00+02:00,58
2024-08-16 15:30:00+02:00,49
2024-08-16 16:00:00+02:00,62
2024-08-16 16:30:00+02:00,76
2024-08-16 17:00:00+02:00,67
2024-08-16 17:30:00+02:00,72
2024-08-17 09:00:00+02:00,21
2024-08-17 09:30:00+02:00,20
2024-08-17 10:00:00+02:00,29
2024-08-17 10:30:00+02:00,35
2024-08-17 11:00:00+02:00,42
2024-08-17 11:30:00+02:00,40
2024-08-17 12:00:00+02:00,23
2024-08-17 12:30:00+02:00,22
2024-08-19 08:00:00+02:00,43
2024-08-19 08:30:00+02:00,54
2024-08-19 09:00:00+02:00,48
2024-08-19 09:30:00+02:00,46
2024-08-19 10:00:00+02:00,66
2024-08-19 10:30:00+02:00,83
2024-08-19 11:00:00+02:00,83
2024-08-19 11:30:00+02:00,79
2024-08-19 12:00:00+02:00,46
2024-08-19 12:30:00+02:00,52
2024-08-19 13:00:00+02:00,42
2024-08-19 13:30:00+02:00,32
2024-08-19 14:00:00+02:00,52
2024-08-19 14:30:00+02:00,46
2024-08-19 15:00:00+02:00,48
2024-08-19 15:30:00+02:00,51
2024-08-19 16:00:00+02:00,60
2024-08-19 16:30:00+02:00,72
2024-08-19 17:00:00+02:00,96
2024-08-19 17:30:00+02:00,75
2024-08-20 08:00:00+02:00,32
2024-08-20 08:30:00+02:00,30
2024-08-20 09:00:00+02:00,42
2024-08-20 09:30:00+02:00,36
2024-08-20 10:00:00+02:00,54
2024-08-20 10:30:00+02:00,55
2024-08-20 11:00:00+02:00,55
2024-08-20 11:30:00+02:00,67
2024-08-20 12:00:00+02:00,42
2024-08-20 12:30:00+02:00,42
2024-08-20 13:00:00+02:00,38
2024-08-20 13:30:00+02:00,39
2024-08-20 14:00:00+02:00,32
2024-08-20 14:30:00+02:00,32
2024-08-20 15:00:00+02:00,37
2024-08-20 15:30:00+02:00,38
2024-08-20 16:00:00+02:00,60
2024-08-20 16:30:00+02:00,56
2024-08-20 17:00:00+02:00,65
2024-08-20 17:30:00+02:00,58
2024-08-21 08:00:00+02:00,20
2024-08-21 08:30:00+02:00,20
2024-08-21 09:00:00+02:00,28
2024-08-21 09:30:00+02:00,29
2024-08-21 10:00:00+02:00,41
2024-08-21 10:30:00+02:00,43
2024-08-21 11:00:00+02:00,46
2024-08-21 11:30:00+02:00,36
2024-08-21 12:00:00+02:00,29
2024-08-21 12:30:00+02:00,34
2024-08-21 13:00:00+02:00,20
2024-08-21 13:30:00+02:00,19
2024-08-21 14:00:00+02:00,19
2024-08-21 14:30:00+02:00,24
2024-08-21 15:00:00+02:00,34
2024-08-21 15:30:00+02:00,30
2024-08-21 16:00:00+02:00,39
2024-08-21 16:30:00+02:00,50
2024-08-21 17:00:00+02:00,36
2024-08-21 17:30:00+02:00,43
2024-08-22 08:00:00+02:00,31
2024-08-22 08:30:00+02:00,34
2024-08-22 09:00:00+02:00,32
2024-08-22 09:30:00+02:00,34
2024-08-22 10:00:00+02:00,52
2024-08-22 10:30:00+02:00,49
2024-08-22 11:00:00+02:00,51
2024-08-22 11:30:00+02:00,57
2024-08-22 12:00:00+02:00,34
2024-08-22 12:30:00+02:00,48
2024-08-22 13:00:00+02:00,35
2024-08-22 13:30:00+02:00,36
2024-08-22 14:00:00+02:00,30
2024-08-22 14:30:00+02:00,32
2024-08-22 15:00:00+02:00,37
2024-08-22 15:30:00+02:00,49
2024-08-22 16:00:00+02:00,47
2024-08-22 16:30:00+02:00,71
2024-08-22 17:00:00+02:00,56
2024-08-22 17:30:00+02:00,56
2024-08-23 08:00:00+02:00,44
2024-08-23 08:30:00+02:00,46
2024-08-23 09:00:00+02:00,57
2024-08-23 09:30:00+02:00,46
2024-08-23 10:00:00+02:00,85
2024-08-23 10:30:00+02:00,65
2024-08-23 11:00:00+02:00,83
2024-08-23 11:30:00+02:00,68
2024-08-23 12:00:00+02:00,49
2024-08-23 12:30:00+02:00,49
2024-08-23 13:00:00+02:00,37
2024-08-23 13:30:00+02:00,50
2024-08-23 14:00:00+02:00,42
2024-08-23 14:30:00+02:00,43
2024-08-23 15:00:00+02:00,57
2024-08-23 15:30:00+02:00,43
2024-08-23 16:00:00+02:00,74
2024-08-23 16:30:00+02:00,72
2024-08-23 17:00:00+02:00,73
2024-08-23 17:30:00+02:00,71
2024-08-24 09:00:00+02:00,21
2024-08-24 09:30:00+02:00,23
2024-08-24 10:00:00+02:00,32
2024-08-24 10:30:00+02:00,34
2024-08-24 11:00:00+02:00,37
2024-08-24 11:30:00+02:00,39
2024-08-24 12:00:00+02:00,26
2024-08-24 12:30:00+02:00,26
2024-08-26 08:00:00+02:00,41
2024-08-26 08:30:00+02:00,41
2024-08-26 09:00:00+02:00,31
2024-08-26 09:30:00+02:00,49
2024-08-26 10:00:00+02:00,64
2024-08-26 10:30:00+02:00,67
2024-08-26 11:00:00+02:00,77
2024-08-26 11:30:00+02:00,77
2024-08-26 12:00:00+02:00,47
2024-08-26 12:30:00+02:00,46
2024-08-26 13:00:00+02:00,48
2024-08-26 13:30:00+02:00,41
2024-08-26 14:00:00+02:00,39
2024-08-26 14:30:00+02:00,34
2024-08-26 15:00:00+02:00,58
2024-08-26 15:30:00+02:00,47
2024-08-26 16:00:00+02:00,86
2024-08-26 16:30:00+02:00,68
2024-08-26 17:00:00+02:00,78
2024-08-26 17:30:00+02:00,61
2024-08-27 08:00:00+02:00,34
2024-08-27 08:30:00+02:00,35
2024-08-27 09:00:00+02:00,35
2024-08-27 09:30:00+02:00,34
2024-08-27 10:00:00+02:00,64
2024-08-27 10:30:00+02:00,53
2024-08-27 11:00:00+02:00,64
2024-08-27 11:30:00+02:00,56
2024-08-27 12:00:00+02:00,42
2024-08-27 12:30:00+02:00,49
2024-08-27 13:00:00+02:00,34
2024-08-27 13:30:00+02:00,31
2024-08-27 14:00:00+02:00,34
2024-08-27 14:30:00+02:00,34
2024-08-27 15:00:00+02:00,34
2024-08-27 15:30:00+02:00,43
2024-08-27 16:00:00+02:00,66
2024-08-27 16:30:00+02:00,44
2024-08-27 17:00:00+02:00,61
2024-08-27 17:30:00+02:00,49
2024-08-28 08:00:00+02:00,21
2024-08-28 08:30:00+02:00,25
2024-08-28 09:00:00+02:00,26
2024-08-28 09:30:00+02:00,30
2024-08-28 10:00:00+02:00,45
2024-08-28 10:30:00+02:00,46
2024-08-28 11:00:00+02:00,43
2024-08-28 11:30:00+02:00,50
2024-08-28 12:00:00+02:00,29
2024-08-28 12:30:00+02:00,28
2024-08-28 13:00:00+02:00,18
2024-08-28 13:30:00+02:00,27
2024-08-28 14:00:00+02:00,28
2024-08-28 14:30:00+02:00,23
2024-08-28 15:00:00+02:00,24
2024-08-28 15:30:00+02:00,28
2024-08-28 16:00:00+02:00,35
2024-08-28 16:30:00+02:00,55
2024-08-28 17:00:00+02:00,50
2024-08-28 17:30:00+02:00,37
2024-08-29 08:00:00+02:00,37
2024-08-29 08:30:00+02:00,30
2024-08-29 09:00:00+02:00,31
2024-08-29 09:30:00+02:00,40
2024-08-29 10:00:00+02:00,59
2024-08-29 10:30:00+02:00,60
2024-08-29 11:00:00+02:00,42
2024-08-29 11:30:00+02:00,61
2024-08-29 12:00:00+02:00,39
2024-08-29 12:30:00+02:00,41
2024-08-29 13:00:00+02:00,30
2024-08-29 13:30:00+02:00,37
2024-08-29 14:00:00+02:00,35
2024-08-29 14:30:00+02:00,37
2024-08-29 15:00:00+02:00,42
2024-08-29 15:30:00+02:00,37
2024-08-29 16:00:00+02:00,52
2024-08-29 16:30:00+02:00,52
2024-08-29 17:00:00+02:00,49
2024-08-29 17:30:00+02:00,54
2024-08-30 08:00:00+02:00,45
2024-08-30 08:30:00+02:00,55
2024-08-30 09:00:00+02:00,47
2024-08-30 09:30:00+02:00,50
2024-08-30 10:00:00+02:00,63
2024-08-30 10:30:00+02:00,84
2024-08-30 11:00:00+02:00,64
2024-08-30 11:30:00+02:00,65
2024-08-30 12:00:00+02:00,55
2024-08-30 12:30:00+02:00,62
2024-08-30 13:00:00+02:00,41
2024-08-30 13:30:00+02:00,46
2024-08-30 14:00:00+02:00,61
2024-08-30 14:30:00+02:00,42
2024-08-30 15:00:00+02:00,50
2024-08-30 15:30:00+02:00,51
2024-08-30 16:00:00+02:00,69
2024-08-30 16:30:00+02:00,76
2024-08-30 17:00:00+02:00,80
2024-08-30 17:30:00+02:00,83
2024-08-31 09:00:00+02:00,17
2024-08-31 09:30:00+02:00,24
2024-08-31 10:00:00+02:00,31
2024-08-31 10:30:00+02:00,31
2024-08-31 11:00:00+02:00,24
2024-08-31 11:30:00+02:00,37
2024-08-31 12:00:00+02:00,29
2024-08-31 12:30:00+02:00,28
2024-09-02 08:00:00+02:00,50
2024-09-02 08:30:00+02:00,50
2024-09-02 09:00:00+02:00,48
2024-09-02 09:30:00+02:00,48
2024-09-02 10:00:00+02:00,85
2024-09-02 10:30:00+02:00,83
2024-09-02 11:00:00+02:00,109
2024-09-02 11:30:00+02:00,80
2024-09-02 12:00:00+02:00,68
2024-09-02 12:30:00+02:00,43
2024-09-02 13:00:00+02:00,40
2024-09-02 13:30:00+02:00,44
2024-09-02 14:00:00+02:00,50
2024-09-02 14:30:00+02:00,47
2024-09-02 15:00:00+02:00,56
2024-09-02 15:30:00+02:00,57
2024-09-02 16:00:00+02:00,77
2024-09-02 16:30:00+02:00,82
2024-09-02 17:00:00+02:00,80
2024-09-02 17:30:00+02:00,78
2024-09-03 08:00:00+02:00,33
2024-09-03 08:30:00+02:00,44
2024-09-03 09:00:00+02:00,32
2024-09-03 09:30:00+02:00,35
2024-09-03 10:00:00+02:00,67
2024-09-03 10:30:00+02:00,64
2024-09-03 11:00:00+02:00,56
2024-09-03 11:30:00+02:00,59
2024-09-03 12:00:00+02:00,49
2024-09-03 12:30:00+02:00,44
2024-09-03 13:00:00+02:00,29
2024-09-03 13:30:00+02:00,36
2024-09-03 14:00:00+02:00,40
2024-09-03 14:30:00+02:00,32
2024-09-03 15:00:00+02:00,45
2024-09-03 15:30:00+02:00,47
2024-09-03 16:00:00+02:00,50
2024-09-03 16:30:00+02:00,60
2024-09-03 17:00:00+02:00,61
2024-09-03 17:30:00+02:00,59
2024-09-04 08:00:00+02:00,22
2024-09-04 08:30:00+02:00,30
2024-09-04 09:00:00+02:00,22
2024-09-04 09:30:00+02:00,20
2024-09-04 10:00:00+02:00,39
2024-09-04 10:30:00+02:00,40
2024-09-04 11:00:00+02:00,35
2024-09-04 11:30:00+02:00,50
2024-09-04 12:00:00+02:00,27
2024-09-04 12:30:00+02:00,25
2024-09-04 13:00:00+02:00,22
2024-09-04 13:30:00+02:00,30
2024-09-04 14:00:00+02:00,17
2024-09-04 14:30:00+02:00,22
2024-09-04 15:00:00+02:00,28
2024-09-04 15:30:00+02:00,33
2024-09-04 16:00:00+02:00,39
2024-09-04 16:30:00+02:00,34
2024-09-04 17:00:00+02:00,37
2024-09-04 17:30:00+02:00,38
2024-09-05 08:00:00+02:00,29
2024-09-05 08:30:00+02:00,39
2024-09-05 09:00:00+02:00,40
2024-09-05 09:30:00+02:00,31
2024-09-05 10:00:00+02:00,66
2024-09-05 10:30:00+02:00,53
2024-09-05 11:00:00+02:00,54
2024-09-05 11:30:00+02:00,60
2024-09-05 12:00:00+02:00,33
2024-09-05 12:30:00+02:00,51
2024-09-05 13:00:00+02:00,35
2024-09-05 13:30:00+02:00,34
2024-09-05 14:00:00+02:00,34
2024-09-05 14:30:00+02:00,34
2024-09-05 15:00:00+02:00,37
2024-09-05 15:30:00+02:00,52
2024-09-05 16:00:00+02:00,64
2024-09-05 16:30:00+02:00,64
2024-09-05 17:00:00+02:00,60
2024-09-05 17:30:00+02:00,63
2024-09-06 08:00:00+02:00,46
2024-09-06 08:30:00+02:00,47
2024-09-06 09:00:00+02:00,43
2024-09-06 09:30:00+02:00,48
2024-09-06 10:00:00+02:00,73
2024-09-06 10:30:00+02:00,86
2024-09-06 11:00:00+02:00,76
2024-09-06 11:30:00+02:00,64
2024-09-06 12:00:00+02:00,60
2024-09-06 12:30:00+02:00,57
2024-09-06 13:00:00+02:00,58
2024-09-06 13:30:00+02:00,38
2024-09-06 14:00:00+02:00,42
2024-09-06 14:30:00+02:00,45
2024-09-06 15:00:00+02:00,58
2024-09-06 15:30:00+02:00,57
2024-09-06 16:00:00+02:00,69
2024-09-06 16:30:00+02:00,77
2024-09-06 17:00:00+02:00,68
2024-09-06 17:30:00+02:00,65
2024-09-07 09:00:00+02:00,22
2024-09-07 09:30:00+02:00,28
2024-09-07 10:00:00+02:00,40
2024-09-07 10:30:00+02:00,34
2024-09-07 11:00:00+02:00,37
2024-09-07 11:30:00+02:00,32
2024-09-07 12:00:00+02:00,23
2024-09-07 12:30:00+02:00,27
2024-09-09 08:00:00+02:00,41
2024-09-09 08:30:00+02:00,51
2024-09-09 09:00:00+02:00,39
2024-09-09 09:30:00+02:00,47
2024-09-09 10:00:00+02:00,67
2024-09-09 10:30:00+02:00,75
2024-09-09 11:00:00+02:00,82
2024-09-09 11:30:00+02:00,78
2024-09-09 12:00:00+02:00,55
2024-09-09 12:30:00+02:00,48
2024-09-09 13:00:00+02:00,43
2024-09-09 13:30:00+02:00,43
2024-09-09 14:00:00+02:00,41
2024-09-09 14:30:00+02:00,45
2024-09-09 15:00:00+02:00,53
2024-09-09 15:30:00+02:00,58
2024-09-09 16:00:00+02:00,92
2024-09-09 16:30:00+02:00,86
2024-09-09 17:00:00+02:00,82
2024-09-09 17:30:00+02:00,71
2024-09-10 08:00:00+02:00,34
2024-09-10 08:30:00+02:00,42
2024-09-10 09:00:00+02:00,37
2024-09-10 09:30:00+02:00,42
2024-09-10 10:00:00+02:00,57
2024-09-10 10:30:00+02:00,49
2024-09-10 11:00:00+02:00,62
2024-09-10 11:30:00+02:00,54
2024-09-10 12:00:00+02:00,36
2024-09-10 12:30:00+02:00,43
2024-09-10 13:00:00+02:00,32
2024-09-10 13:30:00+02:00,31
2024-09-10 14:00:00+02:00,33
2024-09-10 14:30:00+02:00,25
2024-09-10 15:00:00+02:00,38
2024-09-10 15:30:00+02:00,42
2024-09-10 16:00:00+02:00,61
2024-09-10 16:30:00+02:00,63
2024-09-10 17:00:00+02:00,53
2024-09-10 17:30:00+02:00,57
2024-09-11 08:00:00+02:00,26
2024-09-11 08:30:00+02:00,22
2024-09-11 09:00:00+02:00,26
2024-09-11 09:30:00+02:00,23
2024-09-11 10:00:00+02:00,45
2024-09-11 10:30:00+02:00,40
2024-09-11 11:00:00+02:00,46
2024-09-11 11:30:00+02:00,45
2024-09-11 12:00:00+02:00,25
2024-09-11 12:30:00+02:00,24
2024-09-11 13:00:00+02:00,22
2024-09-11 13:30:00+02:00,23
2024-09-11 14:00:00+02:00,24
2024-09-11 14:30:00+02:00,22
2024-09-11 15:00:00+02:00,29
2024-09-11 15:30:00+02:00,30
2024-09-11 16:00:00+02:00,32
2024-09-11 16:30:00+02:00,46
2024-09-11 17:00:00+02:00,41
2024-09-11 17:30:00+02:00,40
2024-09-12 08:00:00+02:00,39
2024-09-12 08:30:00+02:00,39
2024-09-12 09:00:00+02:00,30
2024-09-12 09:30:00+02:00,36
2024-09-12 10:00:00+02:00,56
2024-09-12 10:30:00+02:00,80
2024-09-12 11:00:00+02:00,55
2024-09-12 11:30:00+02:00,57
2024-09-12 12:00:00+02:00,52
2024-09-12 12:30:00+02:00,52
2024-09-12 13:00:00+02:00,30
2024-09-12 13:30:00+02:00,36
2024-09-12 14:00:00+02:00,36
2024-09-12 14:30:00+02:00,38
2024-09-12 15:00:00+02:00,43
2024-09-12 15:30:00+02:00,47
2024-09-12 16:00:00+02:00,52
2024-09-12 16:30:00+02:00,73
2024-09-12 17:00:00+02:00,54
2024-09-12 17:30:00+02:00,56
2024-09-13 08:00:00+02:00,40
2024-09-13 08:30:00+02:00,48
2024-09-13 09:00:00+02:00,34
2024-09-13 09:30:00+02:00,40
2024-09-13 10:00:00+02:00,85
2024-09-13 10:30:00+02:00,72
2024-09-13 11:00:00+02:00,76
2024-09-13 11:30:00+02:00,85
2024-09-13 12:00:00+02:00,49
2024-09-13 12:30:00+02:00,53
2024-09-13 13:00:00+02:00,48
2024-09-13 13:30:00+02:00,49
2024-09-13 14:00:00+02:00,51
2024-09-13 14:30:00+02:00,39
2024-09-13 15:00:00+02:00,53
2024-09-13 15:30:00+02:00,57
2024-09-13 16:00:00+02:00,89
2024-09-13 16:30:00+02:00,93
2024-09-13 17:00:00+02:00,73
2024-09-13 17:30:00+02:00,90
2024-09-14 09:00:00+02:00,22
2024-09-14 09:30:00+02:00,20
2024-09-14 10:00:00+02:00,36
2024-09-14 10:30:00+02:00,28
2024-09-14 11:00:00+02:00,33
2024-09-14 11:30:00+02:00,36
2024-09-14 12:00:00+02:00,28
2024-09-14 12:30:00+02:00,26
2024-09-16 08:00:00+02:00,33
2024-09-16 08:30:00+02:00,47
2024-09-16 09:00:00+02:00,41
2024-09-16 09:30:00+02:00,46
2024-09-16 10:00:00+02:00,88
2024-09-16 10:30:00+02:00,89
2024-09-16 11:00:00+02:00,77
2024-09-16 11:30:00+02:00,78
2024-09-16 12:00:00+02:00,61
2024-09-16 12:30:00+02:00,53
2024-09-16 13:00:00+02:00,45
2024-09-16 13:30:00+02:00,43
2024-09-16 14:00:00+02:00,43
2024-09-16 14:30:00+02:00,45
2024-09-16 15:00:00+02:00,61
2024-09-16 15:30:00+02:00,63
2024-09-16 16:00:00+02:00,79
2024-09-16 16:30:00+02:00,88
2024-09-16 17:00:00+02:00,99
2024-09-16 17:30:00+02:00,84
2024-09-17 08:00:00+02:00,33
2024-09-17 08:30:00+02:00,44
2024-09-17 09:00:00+02:00,34
2024-09-17 09:30:00+02:00,40
2024-09-17 10:00:00+02:00,51
2024-09-17 10:30:00+02:00,63
2024-09-17 11:00:00+02:00,70
2024-09-17 11:30:00+02:00,58
2024-09-17 12:00:00+02:00,46
2024-09-17 12:30:00+02:00,50
2024-09-17 13:00:00+02:00,33
2024-09-17 13:30:00+02:00,27
2024-09-17 14:00:00+02:00,39
2024-09-17 14:30:00+02:00,29
2024-09-17 15:00:00+02:00,42
2024-09-17 15:30:00+02:00,39
2024-09-17 16:00:00+02:00,54
2024-09-17 16:30:00+02:00,83
2024-09-17 17:00:00+02:00,59
2024-09-17 17:30:00+02:00,60
2024-09-18 08:00:00+02:00,25
2024-09-18 08:30:00+02:00,27
2024-09-18 09:00:00+02:00,22
2024-09-18 09:30:00+02:00,22
2024-09-18 10:00:00+02:00,45
2024-09-18 10:30:00+02:00,33
2024-09-18 11:00:00+02:00,37
2024-09-18 11:30:00+02:00,45
2024-09-18 12:00:00+02:00,29
2024-09-18 12:30:00+02:00,30
2024-09-18 13:00:00+02:00,27
2024-09-18 13:30:00+02:00,18
2024-09-18 14:00:00+02:00,29
2024-09-18 14:30:00+02:00,21
2024-09-18 15:00:00+02:00,23
2024-09-18 15:30:00+02:00,28
2024-09-18 16:00:00+02:00,47
2024-09-18 16:30:00+02:00,48
2024-09-18 17:00:00+02:00,35
2024-09-18 17:30:00+02:00,44
2024-09-19 08:00:00+02:00,30
2024-09-19 08:30:00+02:00,39
2024-09-19 09:00:00+02:00,38
2024-09-19 09:30:00+02:00,37
2024-09-19 10:00:00+02:00,70
2024-09-19 10:30:00+02:00,56
2024-09-19 11:00:00+02:00,58
2024-09-19 11:30:00+02:00,61
2024-09-19 12:00:00+02:00,45
2024-09-19 12:30:00+02:00,41
2024-09-19 13:00:00+02:00,29
2024-09-19 13:30:00+02:00,33
2024-09-19 14:00:00+02:00,35
2024-09-19 14:30:00+02:00,38
2024-09-19 15:00:00+02:00,45
2024-09-19 15:30:00+02:00,51
2024-09-19 16:00:00+02:00,55
2024-09-19 16:30:00+02:00,55
2024-09-19 17:00:00+02:00,57
2024-09-19 17:30:00+02:00,59
2024-09-20 08:00:00+02:00,41
2024-09-20 08:30:00+02:00,50
2024-09-20 09:00:00+02:00,53
2024-09-20 09:30:00+02:00,41
2024-09-20 10:00:00+02:00,85
2024-09-20 10:30:00+02:00,81
2024-09-20 11:00:00+02:00,73
2024-09-20 11:30:00+02:00,90
2024-09-20 12:00:00+02:00,58
2024-09-20 12:30:00+02:00,55
2024-09-20 13:00:00+02:00,53
2024-09-20 13:30:00+02:00,46
2024-09-20 14:00:00+02:00,49
2024-09-20 14:30:00+02:00,45
2024-09-20 15:00:00+02:00,54
2024-09-20 15:30:00+02:00,78
2024-09-20 16:00:00+02:00,73
2024-09-20 16:30:00+02:00,81
2024-09-20 17:00:00+02:00,73
2024-09-20 17:30:00+02:00,83
2024-09-21 09:00:00+02:00,23
2024-09-21 09:30:00+02:00,23
2024-09-21 10:00:00+02:00,46
2024-09-21 10:30:00+02:00,43
2024-09-21 11:00:00+02:00,38
2024-09-21 11:30:00+02:00,29
2024-09-21 12:00:00+02:00,23
2024-09-21 12:30:00+02:00,21
2024-09-23 08:00:00+02:00,42
2024-09-23 08:30:00+02:00,42
2024-09-23 09:00:00+02:00,39
2024-09-23 09:30:00+02:00,56
2024-09-23 10:00:00+02:00,81
2024-09-23 10:30:00+02:00,89
2024-09-23 11:00:00+02:00,72
2024-09-23 11:30:00+02:00,73
2024-09-23 12:00:00+02:00,61
2024-09-23 12:30:00+02:00,48
2024-09-23 13:00:00+02:00,48
2024-09-23 13:30:00+02:00,58
2024-09-23 14:00:00+02:00,41
2024-09-23 14:30:00+02:00,41
2024-09-23 15:00:00+02:00,50
2024-09-23 15:30:00+02:00,55
2024-09-23 16:00:00+02:00,83
2024-09-23 16:30:00+02:00,88
2024-09-23 17:00:00+02:00,73
2024-09-23 17:30:00+02:00,77
2024-09-24 08:00:00+02:00,39
2024-09-24 08:30:00+02:00,33
2024-09-24 09:00:00+02:00,36
2024-09-24 09:30:00+02:00,42
2024-09-24 10:00:00+02:00,54
2024-09-24 10:30:00+02:00,43
2024-09-24 11:00:00+02:00,54
2024-09-24 11:30:00+02:00,60
2024-09-24 12:00:00+02:00,40
2024-09-24 12:30:00+02:00,37
2024-09-24 13:00:00+02:00,40
2024-09-24 13:30:00+02:00,37
2024-09-24 14:00:00+02:00,33
2024-09-24 14:30:00+02:00,32
2024-09-24 15:00:00+02:00,44
2024-09-24 15:30:00+02:00,39
2024-09-24 16:00:00+02:00,62
2024-09-24 16:30:00+02:00,72
2024-09-24 17:00:00+02:00,64
2024-09-24 17:30:00+02:00,66
2024-09-25 08:00:00+02:00,32
2024-09-25 08:30:00+02:00,29
2024-09-25 09:00:00+02:00,28
2024-09-25 09:30:00+02:00,30
2024-09-25 10:00:00+02:00,46
2024-09-25 10:30:00+02:00,41
2024-09-25 11:00:00+02:00,45
2024-09-25 11:30:00+02:00,40
2024-09-25 12:00:00+02:00,27
2024-09-25 12:30:00+02:00,33
2024-09-25 13:00:00+02:00,27
2024-09-25 13:30:00+02:00,24
2024-09-25 14:00:00+02:00,25
2024-09-25 14:30:00+02:00,20
2024-09-25 15:00:00+02:00,29
2024-09-25 15:30:00+02:00,31
2024-09-25 16:00:00+02:00,42
2024-09-25 16:30:00+02:00,36
2024-09-25 17:00:00+02:00,44
2024-09-25 17:30:00+02:00,36
2024-09-26 08:00:00+02:00,44
2024-09-26 08:30:00+02:00,38
2024-09-26 09:00:00+02:00,39
2024-09-26 09:30:00+02:00,40
2024-09-26 10:00:00+02:00,62
2024-09-26 10:30:00+02:00,57
2024-09-26 11:00:00+02:00,58
2024-09-26 11:30:00+02:00,70
2024-09-26 12:00:00+02:00,38
2024-09-26 12:30:00+02:00,39
2024-09-26 13:00:00+02:00,35
2024-09-26 13:30:00+02:00,31
2024-09-26 14:00:00+02:00,35
2024-09-26 14:30:00+02:00,33
2024-09-26 15:00:00+02:00,43
2024-09-26 15:30:00+02:00,47
2024-09-26 16:00:00+02:00,70
2024-09-26 16:30:00+02:00,56
2024-09-26 17:00:00+02:00,62
2024-09-26 17:30:00+02:00,60
2024-09-27 08:00:00+02:00,49
2024-09-27 08:30:00+02:00,50
2024-09-27 09:00:00+02:00,49
2024-09-27 09:30:00+02:00,54
2024-09-27 10:00:00+02:00,84
2024-09-27 10:30:00+02:00,94
2024-09-27 11:00:00+02:00,66
2024-09-27 11:30:00+02:00,80
2024-09-27 12:00:00+02:00,70
2024-09-27 12:30:00+02:00,69
2024-09-27 13:00:00+02:00,50
2024-09-27 13:30:00+02:00,45
2024-09-27 14:00:00+02:00,45
2024-09-27 14:30:00+02:00,39
2024-09-27 15:00:00+02:00,63
2024-09-27 15:30:00+02:00,58
2024-09-27 16:00:00+02:00,71
2024-09-27 16:30:00+02:00,85
2024-09-27 17:00:00+02:00,85
2024-09-27 17:30:00+02:00,55
2024-09-28 09:00:00+02:00,21
2024-09-28 09:30:00+02:00,26
2024-09-28 10:00:00+02:00,30
2024-09-28 10:30:00+02:00,36
2024-09-28 11:00:00+02:00,34
2024-09-28 11:30:00+02:00,30
2024-09-28 12:00:00+02:00,25
2024-09-28 12:30:00+02:00,26
2024-09-30 08:00:00+02:00,47
2024-09-30 08:30:00+02:00,48
2024-09-30 09:00:00+02:00,47
2024-09-30 09:30:00+02:00,46
2024-09-30 10:00:00+02:00,84
2024-09-30 10:30:00+02:00,86
2024-09-30 11:00:00+02:00,97
2024-09-30 11:30:00+02:00,81
2024-09-30 12:00:00+02:00,47
2024-09-30 12:30:00+02:00,75
2024-09-30 13:00:00+02:00,47
2024-09-30 13:30:00+02:00,48
2024-09-30 14:00:00+02:00,43
2024-09-30 14:30:00+02:00,40
2024-09-30 15:00:00+02:00,63
2024-09-30 15:30:00+02:00,54
2024-09-30 16:00:00+02:00,75
2024-09-30 16:30:00+02:00,82
2024-09-30 17:00:00+02:00,82
2024-09-30 17:30:00+02:00,71
2024-10-01 08:00:00+02:00,45
2024-10-01 08:30:00+02:00,41
2024-10-01 09:00:00+02:00,37
2024-10-01 09:30:00+02:00,35
2024-10-01 10:00:00+02:00,57
2024-10-01 10:30:00+02:00,69
2024-10-01 11:00:00+02:00,64
2024-10-01 11:30:00+02:00,90
2024-10-01 12:00:00+02:00,58
2024-10-01 12:30:00+02:00,46
2024-10-01 13:00:00+02:00,44
2024-10-01 13:30:00+02:00,41
2024-10-01 14:00:00+02:00,34
2024-10-01 14:30:00+02:00,43
2024-10-01 15:00:00+02:00,39
2024-10-01 15:30:00+02:00,42
2024-10-01 16:00:00+02:00,62
2024-10-01 16:30:00+02:00,61
2024-10-01 17:00:00+02:00,65
2024-10-01 17:30:00+02:00,72
2024-10-02 08:00:00+02:00,33
2024-10-02 08:30:00+02:00,25
2024-10-02 09:00:00+02:00,32
2024-10-02 09:30:00+02:00,27
2024-10-02 10:00:00+02:00,45
2024-10-02 10:30:00+02:00,44
2024-10-02 11:00:00+02:00,46
2024-10-02 11:30:00+02:00,38
2024-10-02 12:00:00+02:00,31
2024-10-02 12:30:00+02:00,35
2024-10-02 13:00:00+02:00,21
2024-10-02 13:30:00+02:00,26
2024-10-02 14:00:00+02:00,31
2024-10-02 14:30:00+02:00,29
2024-10-02 15:00:00+02:00,43
2024-10-02 15:30:00+02:00,36
2024-10-02 16:00:00+02:00,45
2024-10-02 16:30:00+02:00,41
2024-10-02 17:00:00+02:00,53
2024-10-02 17:30:00+02:00,51
2024-10-03 08:00:00+02:00,43
2024-10-03 08:30:00+02:00,47
2024-10-03 09:00:00+02:00,42
2024-10-03 09:30:00+02:00,53
2024-10-03 10:00:00+02:00,69
2024-10-03 10:30:00+02:00,65
2024-10-03 11:00:00+02:00,64
2024-10-03 11:30:00+02:00,81
2024-10-03 12:00:00+02:00,39
2024-10-03 12:30:00+02:00,46
2024-10-03 13:00:00+02:00,51
2024-10-03 13:30:00+02:00,34
2024-10-03 14:00:00+02:00,45
2024-10-03 14:30:00+02:00,36
2024-10-03 15:00:00+02:00,37
2024-10-03 15:30:00+02:00,45
2024-10-03 16:00:00+02:00,51
2024-10-03 16:30:00+02:00,72
2024-10-03 17:00:00+02:00,78
2024-10-03 17:30:00+02:00,60
2024-10-04 08:00:00+02:00,54
2024-10-04 08:30:00+02:00,40
2024-10-04 09:00:00+02:00,49
2024-10-04 09:30:00+02:00,46
2024-10-04 10:00:00+02:00,107
2024-10-04 10:30:00+02:00,73
2024-10-04 11:00:00+02:00,78
2024-10-04 11:30:00+02:00,79
2024-10-04 12:00:00+02:00,64
2024-10-04 12:30:00+02:00,56
2024-10-04 13:00:00+02:00,47
2024-10-04 13:30:00+02:00,42
2024-10-04 14:00:00+02:00,42
2024-10-04 14:30:00+02:00,53
2024-10-04 15:00:00+02:00,76
2024-10-04 15:30:00+02:00,63
2024-10-04 16:00:00+02:00,85
2024-10-04 16:30:00+02:00,101
2024-10-04 17:00:00+02:00,72
2024-10-04 17:30:00+02:00,85
2024-10-05 09:00:00+02:00,22
2024-10-05 09:30:00+02:00,21
2024-10-05 10:00:00+02:00,32
2024-10-05 10:30:00+02:00,37
2024-10-05 11:00:00+02:00,41
2024-10-05 11:30:00+02:00,42
2024-10-05 12:00:00+02:00,27
2024-10-05 12:30:00+02:00,32
2024-10-07 08:00:00+02:00,43
2024-10-07 08:30:00+02:00,62
2024-10-07 09:00:00+02:00,49
2024-10-07 09:30:00+02:00,52
2024-10-07 10:00:00+02:00,81
2024-10-07 10:30:00+02:00,95
2024-10-07 11:00:00+02:00,82
2024-10-07 11:30:00+02:00,96
2024-10-07 12:00:00+02:00,54
2024-10-07 12:30:00+02:00,78
2024-10-07 13:00:00+02:00,50
2024-10-07 13:30:00+02:00,50
2024-10-07 14:00:00+02:00,42
2024-10-07 14:30:00+02:00,44
2024-10-07 15:00:00+02:00,56
2024-10-07 15:30:00+02:00,75
2024-10-07 16:00:00+02:00,83
2024-10-07 16:30:00+02:00,78
2024-10-07 17:00:00+02:00,82
2024-10-07 17:30:00+02:00,89
2024-10-08 08:00:00+02:00,44
2024-10-08 08:30:00+02:00,38
2024-10-08 09:00:00+02:00,34
2024-10-08 09:30:00+02:00,32
2024-10-08 10:00:00+02:00,57
2024-10-08 10:30:00+02:00,71
2024-10-08 11:00:00+02:00,58
2024-10-08 11:30:00+02:00,65
2024-10-08 12:00:00+02:00,47
2024-10-08 12:30:00+02:00,51
2024-10-08 13:00:00+02:00,34
2024-10-08 13:30:00+02:00,40
2024-10-08 14:00:00+02:00,38
2024-10-08 14:30:00+02:00,40
2024-10-08 15:00:00+02:00,45
2024-10-08 15:30:00+02:00,47
2024-10-08 16:00:00+02:00,62
2024-10-08 16:30:00+02:00,72
2024-10-08 17:00:00+02:00,60
2024-10-08 17:30:00+02:00,70
2024-10-09 08:00:00+02:00,26
2024-10-09 08:30:00+02:00,28
2024-10-09 09:00:00+02:00,37
2024-10-09 09:30:00+02:00,27
2024-10-09 10:00:00+02:00,50
2024-10-09 10:30:00+02:00,60
2024-10-09 11:00:00+02:00,43
2024-10-09 11:30:00+02:00,48
2024-10-09 12:00:00+02:00,39
2024-10-09 12:30:00+02:00,34
2024-10-09 13:00:00+02:00,26
2024-10-09 13:30:00+02:00,29
2024-10-09 14:00:00+02:00,28
2024-10-09 14:30:00+02:00,26
2024-10-09 15:00:00+02:00,33
2024-10-09 15:30:00+02:00,31
2024-10-09 16:00:00+02:00,45
2024-10-09 16:30:00+02:00,53
2024-10-09 17:00:00+02:00,46
2024-10-09 17:30:00+02:00,51
2024-10-10 08:00:00+02:00,51
2024-10-10 08:30:00+02:00,41
2024-10-10 09:00:00+02:00,43
2024-10-10 09:30:00+02:00,45
2024-10-10 10:00:00+02:00,66
2024-10-10 10:30:00+02:00,74
2024-10-10 11:00:00+02:00,72
2024-10-10 11:30:00+02:00,57
2024-10-10 12:00:00+02:00,62
2024-10-10 12:30:00+02:00,48
2024-10-10 13:00:00+02:00,37
2024-10-10 13:30:00+02:00,32
2024-10-10 14:00:00+02:00,44
2024-10-10 14:30:00+02:00,34
2024-10-10 15:00:00+02:00,52
2024-10-10 15:30:00+02:00,48
2024-10-10 16:00:00+02:00,61
2024-10-10 16:30:00+02:00,86
2024-10-10 17:00:00+02:00,80
2024-10-10 17:30:00+02:00,59
2024-10-11 08:00:00+02:00,49
2024-10-11 08:30:00+02:00,48
2024-10-11 09:00:00+02:00,46
2024-10-11 09:30:00+02:00,50
2024-10-11 10:00:00+02:00,77
2024-10-11 10:30:00+02:00,76
2024-10-11 11:00:00+02:00,87
2024-10-11 11:30:00+02:00,88
2024-10-11 12:00:00+02:00,57
2024-10-11 12:30:00+02:00,55
2024-10-11 13:00:00+02:00,43
2024-10-11 13:30:00+02:00,48
2024-10-11 14:00:00+02:00,43
2024-10-11 14:30:00+02:00,48
2024-10-11 15:00:00+02:00,54
2024-10-11 15:30:00+02:00,62
2024-10-11 16:00:00+02:00,81
2024-10-11 16:30:00+02:00,84
2024-10-11 17:00:00+02:00,100
2024-10-11 17:30:00+02:00,74
2024-10-12 09:00:00+02:00,24
2024-10-12 09:30:00+02:00,24
2024-10-12 10:00:00+02:00,38
2024-10-12 10:30:00+02:00,39
2024-10-12 11:00:00+02:00,45
2024-10-12 11:30:00+02:00,39
2024-10-12 12:00:00+02:00,35
2024-10-12 12:30:00+02:00,30
2024-10-14 08:00:00+02:00,58
2024-10-14 08:30:00+02:00,59
2024-10-14 09:00:00+02:00,49
2024-10-14 09:30:00+02:00,66
2024-10-14 10:00:00+02:00,112
2024-10-14 10:30:00+02:00,93
2024-10-14 11:00:00+02:00,97
2024-10-14 11:30:00+02:00,70
2024-10-14 12:00:00+02:00,51
2024-10-14 12:30:00+02:00,64
2024-10-14 13:00:00+02:00,53
2024-10-14 13:30:00+02:00,60
2024-10-14 14:00:00+02:00,44
2024-10-14 14:30:00+02:00,54
2024-10-14 15:00:00+02:00,58
2024-10-14 15:30:00+02:00,59
2024-10-14 16:00:00+02:00,93
2024-10-14 16:30:00+02:00,81
2024-10-14 17:00:00+02:00,81
2024-10-14 17:30:00+02:00,91
2024-10-15 08:00:00+02:00,34
2024-10-15 08:30:00+02:00,35
2024-10-15 09:00:00+02:00,36
2024-10-15 09:30:00+02:00,39
2024-10-15 10:00:00+02:00,64
2024-10-15 10:30:00+02:00,66
2024-10-15 11:00:00+02:00,63
2024-10-15 11:30:00+02:00,51
2024-10-15 12:00:00+02:00,46
2024-10-15 12:30:00+02:00,46
2024-10-15 13:00:00+02:00,36
2024-10-15 13:30:00+02:00,35
2024-10-15 14:00:00+02:00,36
2024-10-15 14:30:00+02:00,34
2024-10-15 15:00:00+02:00,42
2024-10-15 15:30:00+02:00,39
2024-10-15 16:00:00+02:00,61
2024-10-15 16:30:00+02:00,54
2024-10-15 17:00:00+02:00,59
2024-10-15 17:30:00+02:00,48
2024-10-16 08:00:00+02:00,29
2024-10-16 08:30:00+02:00,29
2024-10-16 09:00:00+02:00,27
2024-10-16 09:30:00+02:00,26
2024-10-16 10:00:00+02:00,45
2024-10-16 10:30:00+02:00,44
2024-10-16 11:00:00+02:00,53
2024-10-16 11:30:00+02:00,49
2024-10-16 12:00:00+02:00,28
2024-10-16 12:30:00+02:00,30
2024-10-16 13:00:00+02:00,35
2024-10-16 13:30:00+02:00,23
2024-10-16 14:00:00+02:00,31
2024-10-16 14:30:00+02:00,25
2024-10-16 15:00:00+02:00,32
2024-10-16 15:30:00+02:00,35
2024-10-16 16:00:00+02:00,42
2024-10-16 16:30:00+02:00,43
2024-10-16 17:00:00+02:00,62
2024-10-16 17:30:00+02:00,51
2024-10-17 08:00:00+02:00,36
2024-10-17 08:30:00+02:00,49
2024-10-17 09:00:00+02:00,38
2024-10-17 09:30:00+02:00,48
2024-10-17 10:00:00+02:00,67
2024-10-17 10:30:00+02:00,68
2024-10-17 11:00:00+02:00,61
2024-10-17 11:30:00+02:00,72
2024-10-17 12:00:00+02:00,48
2024-10-17 12:30:00+02:00,51
2024-10-17 13:00:00+02:00,37
2024-10-17 13:30:00+02:00,30
2024-10-17 14:00:00+02:00,31
2024-10-17 14:30:00+02:00,49
2024-10-17 15:00:00+02:00,47
2024-10-17 15:30:00+02:00,47
2024-10-17 16:00:00+02:00,70
2024-10-17 16:30:00+02:00,85
2024-10-17 17:00:00+02:00,66
2024-10-17 17:30:00+02:00,70
2024-10-18 08:00:00+02:00,57
2024-10-18 08:30:00+02:00,55
2024-10-18 09:00:00+02:00,51
2024-10-18 09:30:00+02:00,55
2024-10-18 10:00:00+02:00,68
2024-10-18 10:30:00+02:00,64
2024-10-18 11:00:00+02:00,84
2024-10-18 11:30:00+02:00,93
2024-10-18 12:00:00+02:00,72
2024-10-18 12:30:00+02:00,72
2024-10-18 13:00:00+02:00,49
2024-10-18 13:30:00+02:00,51
2024-10-18 14:00:00+02:00,49
2024-10-18 14:30:00+02:00,55
2024-10-18 15:00:00+02:00,59
2024-10-18 15:30:00+02:00,69
2024-10-18 16:00:00+02:00,100
2024-10-18 16:30:00+02:00,77
2024-10-18 17:00:00+02:00,75
2024-10-18 17:30:00+02:00,75
2024-10-19 09:00:00+02:00,23
2024-10-19 09:30:00+02:00,20
2024-10-19 10:00:00+02:00,45
2024-10-19 10:30:00+02:00,49
2024-10-19 11:00:00+02:00,34
2024-10-19 11:30:00+02:00,41
2024-10-19 12:00:00+02:00,30
2024-10-19 12:30:00+02:00,31
2024-10-21 08:00:00+02:00,56
2024-10-21 08:30:00+02:00,51
2024-10-21 09:00:00+02:00,45
2024-10-21 09:30:00+02:00,50
2024-10-21 10:00:00+02:00,105
2024-10-21 10:30:00+02:00,105
2024-10-21 11:00:00+02:00,78
2024-10-21 11:30:00+02:00,98
2024-10-21 12:00:00+02:00,65
2024-10-21 12:30:00+02:00,68
2024-10-21 13:00:00+02:00,40
2024-10-21 13:30:00+02:00,47
2024-10-21 14:00:00+02:00,53
2024-10-21 14:30:00+02:00,44
2024-10-21 15:00:00+02:00,62
2024-10-21 15:30:00+02:00,58
2024-10-21 16:00:00+02:00,70
2024-10-21 16:30:00+02:00,84
2024-10-21 17:00:00+02:00,83
2024-10-21 17:30:00+02:00,99
2024-10-22 08:00:00+02:00,36
2024-10-22 08:30:00+02:00,39
2024-10-22 09:00:00+02:00,53
2024-10-22 09:30:00+02:00,41
2024-10-22 10:00:00+02:00,70
2024-10-22 10:30:00+02:00,64
2024-10-22 11:00:00+02:00,63
2024-10-22 11:30:00+02:00,66
2024-10-22 12:00:00+02:00,48
2024-10-22 12:30:00+02:00,46
2024-10-22 13:00:00+02:00,40
2024-10-22 13:30:00+02:00,34
2024-10-22 14:00:00+02:00,31
2024-10-22 14:30:00+02:00,38
2024-10-22 15:00:00+02:00,47
2024-10-22 15:30:00+02:00,44
2024-10-22 16:00:00+02:00,54
2024-10-22 16:30:00+02:00,61
2024-10-22 17:00:00+02:00,58
2024-10-22 17:30:00+02:00,60
2024-10-23 08:00:00+02:00,24
2024-10-23 08:30:00+02:00,31
2024-10-23 09:00:00+02:00,23
2024-10-23 09:30:00+02:00,31
2024-10-23 10:00:00+02:00,45
2024-10-23 10:30:00+02:00,45
2024-10-23 11:00:00+02:00,44
2024-10-23 11:30:00+02:00,48
2024-10-23 12:00:00+02:00,30
2024-10-23 12:30:00+02:00,30
2024-10-23 13:00:00+02:00,23
2024-10-23 13:30:00+02:00,28
2024-10-23 14:00:00+02:00,23
2024-10-23 14:30:00+02:00,27
2024-10-23 15:00:00+02:00,31
2024-10-23 15:30:00+02:00,36
2024-10-23 16:00:00+02:00,52
2024-10-23 16:30:00+02:00,51
2024-10-23 17:00:00+02:00,48
2024-10-23 17:30:00+02:00,46
2024-10-24 08:00:00+02:00,45
2024-10-24 08:30:00+02:00,50
2024-10-24 09:00:00+02:00,37
2024-10-24 09:30:00+02:00,35
2024-10-24 10:00:00+02:00,65
2024-10-24 10:30:00+02:00,63
2024-10-24 11:00:00+02:00,65
2024-10-24 11:30:00+02:00,73
2024-10-24 12:00:00+02:00,57
2024-10-24 12:30:00+02:00,51
2024-10-24 13:00:00+02:00,37
2024-10-24 13:30:00+02:00,35
2024-10-24 14:00:00+02:00,39
2024-10-24 14:30:00+02:00,42
2024-10-24 15:00:00+02:00,46
2024-10-24 15:30:00+02:00,53
2024-10-24 16:00:00+02:00,71
2024-10-24 16:30:00+02:00,67
2024-10-24 17:00:00+02:00,52
2024-10-24 17:30:00+02:00,66
2024-10-25 08:00:00+02:00,47
2024-10-25 08:30:00+02:00,53
2024-10-25 09:00:00+02:00,54
2024-10-25 09:30:00+02:00,43
2024-10-25 10:00:00+02:00,82
2024-10-25 10:30:00+02:00,78
2024-10-25 11:00:00+02:00,99
2024-10-25 11:30:00+02:00,77
2024-10-25 12:00:00+02:00,68
2024-10-25 12:30:00+02:00,65
2024-10-25 13:00:00+02:00,55
2024-10-25 13:30:00+02:00,55
2024-10-25 14:00:00+02:00,53
2024-10-25 14:30:00+02:00,47
2024-10-25 15:00:00+02:00,54
2024-10-25 15:30:00+02:00,67
2024-10-25 16:00:00+02:00,98
2024-10-25 16:30:00+02:00,85
2024-10-25 17:00:00+02:00,66
2024-10-25 17:30:00+02:00,100
2024-10-26 09:00:00+02:00,24
2024-10-26 09:30:00+02:00,28
2024-10-26 10:00:00+02:00,37
2024-10-26 10:30:00+02:00,33
2024-10-26 11:00:00+02:00,40
2024-10-26 11:30:00+02:00,39
2024-10-26 12:00:00+02:00,23
2024-10-26 12:30:00+02:00,31
2024-10-28 08:00:00+01:00,57
2024-10-28 08:30:00+01:00,47
2024-10-28 09:00:00+01:00,55
2024-10-28 09:30:00+01:00,43
2024-10-28 10:00:00+01:00,107
2024-10-28 10:30:00+01:00,82
2024-10-28 11:00:00+01:00,84
2024-10-28 11:30:00+01:00,88
2024-10-28 12:00:00+01:00,62
2024-10-28 12:30:00+01:00,57
2024-10-28 13:00:00+01:00,44
2024-10-28 13:30:00+01:00,47
2024-10-28 14:00:00+01:00,44
2024-10-28 14:30:00+01:00,41
2024-10-28 15:00:00+01:00,53
2024-10-28 15:30:00+01:00,56
2024-10-28 16:00:00+01:00,94
2024-10-28 16:30:00+01:00,84
2024-10-28 17:00:00+01:00,87
2024-10-28 17:30:00+01:00,92
2024-10-29 08:00:00+01:00,38
2024-10-29 08:30:00+01:00,45
2024-10-29 09:00:00+01:00,41
2024-10-29 09:30:00+01:00,33
2024-10-29 10:00:00+01:00,80
2024-10-29 10:30:00+01:00,65
2024-10-29 11:00:00+01:00,62
2024-10-29 11:30:00+01:00,64
2024-10-29 12:00:00+01:00,47
2024-10-29 12:30:00+01:00,59
2024-10-29 13:00:00+01:00,50
2024-10-29 13:30:00+01:00,33
2024-10-29 14:00:00+01:00,40
2024-10-29 14:30:00+01:00,31
2024-10-29 15:00:00+01:00,49
2024-10-29 15:30:00+01:00,44
2024-10-29 16:00:00+01:00,58
2024-10-29 16:30:00+01:00,77
2024-10-29 17:00:00+01:00,70
2024-10-29 17:30:00+01:00,68
2024-10-30 08:00:00+01:00,29
2024-10-30 08:30:00+01:00,28
2024-10-30 09:00:00+01:00,29
2024-10-30 09:30:00+01:00,25
2024-10-30 10:00:00+01:00,50
2024-10-30 10:30:00+01:00,46
2024-10-30 11:00:00+01:00,49
2024-10-30 11:30:00+01:00,47
2024-10-30 12:00:00+01:00,35
2024-10-30 12:30:00+01:00,36
2024-10-30 13:00:00+01:00,35
2024-10-30 13:30:00+01:00,30
2024-10-30 14:00:00+01:00,26
2024-10-30 14:30:00+01:00,25
2024-10-30 15:00:00+01:00,29
2024-10-30 15:30:00+01:00,34
2024-10-30 16:00:00+01:00,48
2024-10-30 16:30:00+01:00,35
2024-10-30 17:00:00+01:00,40
2024-10-30 17:30:00+01:00,47
2024-10-31 08:00:00+01:00,38
2024-10-31 08:30:00+01:00,36
2024-10-31 09:00:00+01:00,39
2024-10-31 09:30:00+01:00,36
2024-10-31 10:00:00+01:00,66
2024-10-31 10:30:00+01:00,72
2024-10-31 11:00:00+01:00,72
2024-10-31 11:30:00+01:00,62
2024-10-31 12:00:00+01:00,45
2024-10-31 12:30:00+01:00,49
2024-10-31 13:00:00+01:00,32
2024-10-31 13:30:00+01:00,47
2024-10-31 14:00:00+01:00,36
2024-10-31 14:30:00+01:00,35
2024-10-31 15:00:00+01:00,47
2024-10-31 15:30:00+01:00,46
2024-10-31 16:00:00+01:00,77
2024-10-31 16:30:00+01:00,57
2024-10-31 17:00:00+01:00,64
2024-10-31 17:30:00+01:00,77
2024-11-01 08:00:00+01:00,50
2024-11-01 08:30:00+01:00,55
2024-11-01 09:00:00+01:00,65
2024-11-01 09:30:00+01:00,64
2024-11-01 10:00:00+01:00,93
2024-11-01 10:30:00+01:00,97
2024-11-01 11:00:00+01:00,118
2024-11-01 11:30:00+01:00,90
2024-11-01 12:00:00+01:00,70
2024-11-01 12:30:00+01:00,65
2024-11-01 13:00:00+01:00,55
2024-11-01 13:30:00+01:00,60
2024-11-01 14:00:00+01:00,55
2024-11-01 14:30:00+01:00,58
2024-11-01 15:00:00+01:00,82
2024-11-01 15:30:00+01:00,70
2024-11-01 16:00:00+01:00,118
2024-11-01 16:30:00+01:00,107
2024-11-01 17:00:00+01:00,116
2024-11-01 17:30:00+01:00,97
2024-11-02 09:00:00+01:00,23
2024-11-02 09:30:00+01:00,29
2024-11-02 10:00:00+01:00,47
2024-11-02 10:30:00+01:00,52
2024-11-02 11:00:00+01:00,50
2024-11-02 11:30:00+01:00,47
2024-11-02 12:00:00+01:00,27
2024-11-02 12:30:00+01:00,31
2024-11-04 08:00:00+01:00,55
2024-11-04 08:30:00+01:00,60
2024-11-04 09:00:00+01:00,69
2024-11-04 09:30:00+01:00,64
2024-11-04 10:00:00+01:00,98
2024-11-04 10:30:00+01:00,118
2024-11-04 11:00:00+01:00,99
2024-11-04 11:30:00+01:00,83
2024-11-04 12:00:00+01:00,84
2024-11-04 12:30:00+01:00,64
2024-11-04 13:00:00+01:00,50
2024-11-04 13:30:00+01:00,49
2024-11-04 14:00:00+01:00,54
2024-11-04 14:30:00+01:00,50
2024-11-04 15:00:00+01:00,71
2024-11-04 15:30:00+01:00,92
2024-11-04 16:00:00+01:00,119
2024-11-04 16:30:00+01:00,94
2024-11-04 17:00:00+01:00,114
2024-11-04 17:30:00+01:00,92
2024-11-05 08:00:00+01:00,47
2024-11-05 08:30:00+01:00,46
2024-11-05 09:00:00+01:00,38
2024-11-05 09:30:00+01:00,51
2024-11-05 10:00:00+01:00,80
2024-11-05 10:30:00+01:00,78
2024-11-05 11:00:00+01:00,76
2024-11-05 11:30:00+01:00,82
2024-11-05 12:00:00+01:00,55
2024-11-05 12:30:00+01:00,74
2024-11-05 13:00:00+01:00,47
2024-11-05 13:30:00+01:00,40
2024-11-05 14:00:00+01:00,46
2024-11-05 14:30:00+01:00,41
2024-11-05 15:00:00+01:00,56
2024-11-05 15:30:00+01:00,52
2024-11-05 16:00:00+01:00,71
2024-11-05 16:30:00+01:00,83
2024-11-05 17:00:00+01:00,75
2024-11-05 17:30:00+01:00,83
2024-11-06 08:00:00+01:00,33
2024-11-06 08:30:00+01:00,30
2024-11-06 09:00:00+01:00,34
2024-11-06 09:30:00+01:00,30
2024-11-06 10:00:00+01:00,48
2024-11-06 10:30:00+01:00,49
2024-11-06 11:00:00+01:00,60
2024-11-06 11:30:00+01:00,62
2024-11-06 12:00:00+01:00,37
2024-11-06 12:30:00+01:00,36
2024-11-06 13:00:00+01:00,30
2024-11-06 13:30:00+01:00,26
2024-11-06 14:00:00+01:00,24
2024-11-06 14:30:00+01:00,34
2024-11-06 15:00:00+01:00,43
2024-11-06 15:30:00+01:00,35
2024-11-06 16:00:00+01:00,59
2024-11-06 16:30:00+01:00,48
2024-11-06 17:00:00+01:00,51
2024-11-06 17:30:00+01:00,60
2024-11-07 08:00:00+01:00,44
2024-11-07 08:30:00+01:00,49
2024-11-07 09:00:00+01:00,50
2024-11-07 09:30:00+01:00,47
2024-11-07 10:00:00+01:00,102
2024-11-07 10:30:00+01:00,92
2024-11-07 11:00:00+01:00,75
2024-11-07 11:30:00+01:00,90
2024-11-07 12:00:00+01:00,52
2024-11-07 12:30:00+01:00,66
2024-11-07 13:00:00+01:00,43
2024-11-07 13:30:00+01:00,48
2024-11-07 14:00:00+01:00,40
2024-11-07 14:30:00+01:00,45
2024-11-07 15:00:00+01:00,57
2024-11-07 15:30:00+01:00,62
2024-11-07 16:00:00+01:00,57
2024-11-07 16:30:00+01:00,77
2024-11-07 17:00:00+01:00,71
2024-11-07 17:30:00+01:00,82
2024-11-08 08:00:00+01:00,54
2024-11-08 08:30:00+01:00,57
2024-11-08 09:00:00+01:00,53
2024-11-08 09:30:00+01:00,57
2024-11-08 10:00:00+01:00,84
2024-11-08 10:30:00+01:00,104
2024-11-08 11:00:00+01:00,99
2024-11-08 11:30:00+01:00,123
2024-11-08 12:00:00+01:00,78
2024-11-08 12:30:00+01:00,72
2024-11-08 13:00:00+01:00,58
2024-11-08 13:30:00+01:00,72
2024-11-08 14:00:00+01:00,57
2024-11-08 14:30:00+01:00,62
2024-11-08 15:00:00+01:00,72
2024-11-08 15:30:00+01:00,64
2024-11-08 16:00:00+01:00,102
2024-11-08 16:30:00+01:00,106
2024-11-08 17:00:00+01:00,111
2024-11-08 17:30:00+01:00,107
2024-11-09 09:00:00+01:00,25
2024-11-09 09:30:00+01:00,30
2024-11-09 10:00:00+01:00,43
2024-11-09 10:30:00+01:00,43
2024-11-09 11:00:00+01:00,46
2024-11-09 11:30:00+01:00,44
2024-11-09 12:00:00+01:00,33
2024-11-09 12:30:00+01:00,36
2024-11-11 08:00:00+01:00,68
2024-11-11 08:30:00+01:00,77
2024-11-11 09:00:00+01:00,56
2024-11-11 09:30:00+01:00,66
2024-11-11 10:00:00+01:00,89
2024-11-11 10:30:00+01:00,103
2024-11-11 11:00:00+01:00,107
2024-11-11 11:30:00+01:00,75
2024-11-11 12:00:00+01:00,63
2024-11-11 12:30:00+01:00,72
2024-11-11 13:00:00+01:00,64
2024-11-11 13:30:00+01:00,59
2024-11-11 14:00:00+01:00,59
2024-11-11 14:30:00+01:00,48
2024-11-11 15:00:00+01:00,70
2024-11-11 15:30:00+01:00,80
2024-11-11 16:00:00+01:00,88
2024-11-11 16:30:00+01:00,96
2024-11-11 17:00:00+01:00,100
2024-11-11 17:30:00+01:00,86
2024-11-12 08:00:00+01:00,42
2024-11-12 08:30:00+01:00,41
2024-11-12 09:00:00+01:00,44
2024-11-12 09:30:00+01:00,55
2024-11-12 10:00:00+01:00,77
2024-11-12 10:30:00+01:00,69
2024-11-12 11:00:00+01:00,91
2024-11-12 11:30:00+01:00,88
2024-11-12 12:00:00+01:00,56
2024-11-12 12:30:00+01:00,59
2024-11-12 13:00:00+01:00,41
2024-11-12 13:30:00+01:00,46
2024-11-12 14:00:00+01:00,38
2024-11-12 14:30:00+01:00,39
2024-11-12 15:00:00+01:00,58
2024-11-12 15:30:00+01:00,48
2024-11-12 16:00:00+01:00,77
2024-11-12 16:30:00+01:00,80
2024-11-12 17:00:00+01:00,68
2024-11-12 17:30:00+01:00,72
2024-11-13 08:00:00+01:00,40
2024-11-13 08:30:00+01:00,39
2024-11-13 09:00:00+01:00,33
2024-11-13 09:30:00+01:00,33
2024-11-13 10:00:00+01:00,63
2024-11-13 10:30:00+01:00,56
2024-11-13 11:00:00+01:00,56
2024-11-13 11:30:00+01:00,58
2024-11-13 12:00:00+01:00,30
2024-11-13 12:30:00+01:00,36
2024-11-13 13:00:00+01:00,26
2024-11-13 13:30:00+01:00,29
2024-11-13 14:00:00+01:00,35
2024-11-13 14:30:00+01:00,30
2024-11-13 15:00:00+01:00,36
2024-11-13 15:30:00+01:00,46
2024-11-13 16:00:00+01:00,48
2024-11-13 16:30:00+01:00,57
2024-11-13 17:00:00+01:00,50
2024-11-13 17:30:00+01:00,57
2024-11-14 08:00:00+01:00,48
2024-11-14 08:30:00+01:00,47
2024-11-14 09:00:00+01:00,60
2024-11-14 09:30:00+01:00,39
2024-11-14 10:00:00+01:00,73
2024-11-14 10:30:00+01:00,96
2024-11-14 11:00:00+01:00,57
2024-11-14 11:30:00+01:00,85
2024-11-14 12:00:00+01:00,48
2024-11-14 12:30:00+01:00,51
2024-11-14 13:00:00+01:00,40
2024-11-14 13:30:00+01:00,40
2024-11-14 14:00:00+01:00,48
2024-11-14 14:30:00+01:00,40
2024-11-14 15:00:00+01:00,51
2024-11-14 15:30:00+01:00,58
2024-11-14 16:00:00+01:00,62
2024-11-14 16:30:00+01:00,86
2024-11-14 17:00:00+01:00,83
2024-11-14 17:30:00+01:00,73
2024-11-15 08:00:00+01:00,68
2024-11-15 08:30:00+01:00,52
2024-11-15 09:00:00+01:00,63
2024-11-15 09:30:00+01:00,59
2024-11-15 10:00:00+01:00,97
2024-11-15 10:30:00+01:00,85
2024-11-15 11:00:00+01:00,127
2024-11-15 11:30:00+01:00,98
2024-11-15 12:00:00+01:00,84
2024-11-15 12:30:00+01:00,64
2024-11-15 13:00:00+01:00,60
2024-11-15 13:30:00+01:00,46
2024-11-15 14:00:00+01:00,58
2024-11-15 14:30:00+01:00,54
2024-11-15 15:00:00+01:00,75
2024-11-15 15:30:00+01:00,70
2024-11-15 16:00:00+01:00,97
2024-11-15 16:30:00+01:00,108
2024-11-15 17:00:00+01:00,84
2024-11-15 17:30:00+01:00,87
2024-11-16 09:00:00+01:00,31
2024-11-16 09:30:00+01:00,27
2024-11-16 10:00:00+01:00,48
2024-11-16 10:30:00+01:00,42
2024-11-16 11:00:00+01:00,41
2024-11-16 11:30:00+01:00,46
2024-11-16 12:00:00+01:00,35
2024-11-16 12:30:00+01:00,36
2024-11-18 08:00:00+01:00,47
2024-11-18 08:30:00+01:00,63
2024-11-18 09:00:00+01:00,65
2024-11-18 09:30:00+01:00,66
2024-11-18 10:00:00+01:00,97
2024-11-18 10:30:00+01:00,76
2024-11-18 11:00:00+01:00,94
2024-11-18 11:30:00+01:00,111
2024-11-18 12:00:00+01:00,71
2024-11-18 12:30:00+01:00,83
2024-11-18 13:00:00+01:00,48
2024-11-18 13:30:00+01:00,61
2024-11-18 14:00:00+01:00,60
2024-11-18 14:30:00+01:00,57
2024-11-18 15:00:00+01:00,73
2024-11-18 15:30:00+01:00,77
2024-11-18 16:00:00+01:00,88
2024-11-18 16:30:00+01:00,103
2024-11-18 17:00:00+01:00,103
2024-11-18 17:30:00+01:00,83
2024-11-19 08:00:00+01:00,57
2024-11-19 08:30:00+01:00,34
2024-11-19 09:00:00+01:00,51
2024-11-19 09:30:00+01:00,42
2024-11-19 10:00:00+01:00,77
2024-11-19 10:30:00+01:00,73
2024-11-19 11:00:00+01:00,76
2024-11-19 11:30:00+01:00,84
2024-11-19 12:00:00+01:00,49
2024-11-19 12:30:00+01:00,46
2024-11-19 13:00:00+01:00,42
2024-11-19 13:30:00+01:00,38
2024-11-19 14:00:00+01:00,40
2024-11-19 14:30:00+01:00,55
2024-11-19 15:00:00+01:00,42
2024-11-19 15:30:00+01:00,50
2024-11-19 16:00:00+01:00,81
2024-11-19 16:30:00+01:00,80
2024-11-19 17:00:00+01:00,73
2024-11-19 17:30:00+01:00,78
2024-11-20 08:00:00+01:00,34
2024-11-20 08:30:00+01:00,30
2024-11-20 09:00:00+01:00,27
2024-11-20 09:30:00+01:00,29
2024-11-20 10:00:00+01:00,50
2024-11-20 10:30:00+01:00,52
2024-11-20 11:00:00+01:00,53
2024-11-20 11:30:00+01:00,53
2024-11-20 12:00:00+01:00,32
2024-11-20 12:30:00+01:00,40
2024-11-20 13:00:00+01:00,25
2024-11-20 13:30:00+01:00,24
2024-11-20 14:00:00+01:00,28
2024-11-20 14:30:00+01:00,25
2024-11-20 15:00:00+01:00,34
2024-11-20 15:30:00+01:00,35
2024-11-20 16:00:00+01:00,65
2024-11-20 16:30:00+01:00,61
2024-11-20 17:00:00+01:00,48
2024-11-20 17:30:00+01:00,51
2024-11-21 08:00:00+01:00,39
2024-11-21 08:30:00+01:00,54
2024-11-21 09:00:00+01:00,47
2024-11-21 09:30:00+01:00,45
2024-11-21 10:00:00+01:00,74
2024-11-21 10:30:00+01:00,65
2024-11-21 11:00:00+01:00,70
2024-11-21 11:30:00+01:00,91
2024-11-21 12:00:00+01:00,51
2024-11-21 12:30:00+01:00,52
2024-11-21 13:00:00+01:00,40
2024-11-21 13:30:00+01:00,39
2024-11-21 14:00:00+01:00,42
2024-11-21 14:30:00+01:00,51
2024-11-21 15:00:00+01:00,47
2024-11-21 15:30:00+01:00,56
2024-11-21 16:00:00+01:00,85
2024-11-21 16:30:00+01:00,74
2024-11-21 17:00:00+01:00,59
2024-11-21 17:30:00+01:00,73
2024-11-22 08:00:00+01:00,52
2024-11-22 08:30:00+01:00,68
2024-11-22 09:00:00+01:00,59
2024-11-22 09:30:00+01:00,51
2024-11-22 10:00:00+01:00,96
2024-11-22 10:30:00+01:00,80
2024-11-22 11:00:00+01:00,124
2024-11-22 11:30:00+01:00,73
2024-11-22 12:00:00+01:00,63
2024-11-22 12:30:00+01:00,57
2024-11-22 13:00:00+01:00,64
2024-11-22 13:30:00+01:00,60
2024-11-22 14:00:00+01:00,72
2024-11-22 14:30:00+01:00,62
2024-11-22 15:00:00+01:00,74
2024-11-22 15:30:00+01:00,63
2024-11-22 16:00:00+01:00,88
2024-11-22 16:30:00+01:00,98
2024-11-22 17:00:00+01:00,94
2024-11-22 17:30:00+01:00,94
2024-11-23 09:00:00+01:00,26
2024-11-23 09:30:00+01:00,23
2024-11-23 10:00:00+01:00,43
2024-11-23 10:30:00+01:00,50
2024-11-23 11:00:00+01:00,39
2024-11-23 11:30:00+01:00,48
2024-11-23 12:00:00+01:00,32
2024-11-23 12:30:00+01:00,24
2024-11-25 08:00:00+01:00,53
2024-11-25 08:30:00+01:00,58
2024-11-25 09:00:00+01:00,59
2024-11-25 09:30:00+01:00,54
2024-11-25 10:00:00+01:00,95
2024-11-25 10:30:00+01:00,91
2024-11-25 11:00:00+01:00,78
2024-11-25 11:30:00+01:00,93
2024-11-25 12:00:00+01:00,56
2024-11-25 12:30:00+01:00,82
2024-11-25 13:00:00+01:00,53
2024-11-25 13:30:00+01:00,47
2024-11-25 14:00:00+01:00,42
2024-11-25 14:30:00+01:00,41
2024-11-25 15:00:00+01:00,69
2024-11-25 15:30:00+01:00,92
2024-11-25 16:00:00+01:00,107
2024-11-25 16:30:00+01:00,102
2024-11-25 17:00:00+01:00,80
2024-11-25 17:30:00+01:00,104
2024-11-26 08:00:00+01:00,41
2024-11-26 08:30:00+01:00,51
2024-11-26 09:00:00+01:00,57
2024-11-26 09:30:00+01:00,51
2024-11-26 10:00:00+01:00,74
2024-11-26 10:30:00+01:00,80
2024-11-26 11:00:00+01:00,70
2024-11-26 11:30:00+01:00,71
2024-11-26 12:00:00+01:00,61
2024-11-26 12:30:00+01:00,51
2024-11-26 13:00:00+01:00,47
2024-11-26 13:30:00+01:00,41
2024-11-26 14:00:00+01:00,37
2024-11-26 14:30:00+01:00,39
2024-11-26 15:00:00+01:00,47
2024-11-26 15:30:00+01:00,53
2024-11-26 16:00:00+01:00,74
2024-11-26 16:30:00+01:00,82
2024-11-26 17:00:00+01:00,65
2024-11-26 17:30:00+01:00,68
2024-11-27 08:00:00+01:00,35
2024-11-27 08:30:00+01:00,31
2024-11-27 09:00:00+01:00,31
2024-11-27 09:30:00+01:00,33
2024-11-27 10:00:00+01:00,56
2024-11-27 10:30:00+01:00,59
2024-11-27 11:00:00+01:00,52
2024-11-27 11:30:00+01:00,46
2024-11-27 12:00:00+01:00,33
2024-11-27 12:30:00+01:00,42
2024-11-27 13:00:00+01:00,28
2024-11-27 13:30:00+01:00,29
2024-11-27 14:00:00+01:00,30
2024-11-27 14:30:00+01:00,31
2024-11-27 15:00:00+01:00,46
2024-11-27 15:30:00+01:00,31
2024-11-27 16:00:00+01:00,58
2024-11-27 16:30:00+01:00,65
2024-11-27 17:00:00+01:00,52
2024-11-27 17:30:00+01:00,52
2024-11-28 08:00:00+01:00,46
2024-11-28 08:30:00+01:00,55
2024-11-28 09:00:00+01:00,45
2024-11-28 09:30:00+01:00,44
2024-11-28 10:00:00+01:00,66
2024-11-28 10:30:00+01:00,72
2024-11-28 11:00:00+01:00,89
2024-11-28 11:30:00+01:00,80
2024-11-28 12:00:00+01:00,50
2024-11-28 12:30:00+01:00,51
2024-11-28 13:00:00+01:00,43
2024-11-28 13:30:00+01:00,37
2024-11-28 14:00:00+01:00,37
2024-11-28 14:30:00+01:00,56
2024-11-28 15:00:00+01:00,60
2024-11-28 15:30:00+01:00,55
2024-11-28 16:00:00+01:00,94
2024-11-28 16:30:00+01:00,74
2024-11-28 17:00:00+01:00,75
2024-11-28 17:30:00+01:00,70
2024-11-29 08:00:00+01:00,53
2024-11-29 08:30:00+01:00,70
2024-11-29 09:00:00+01:00,46
2024-11-29 09:30:00+01:00,56
2024-11-29 10:00:00+01:00,112
2024-11-29 10:30:00+01:00,112
2024-11-29 11:00:00+01:00,93
2024-11-29 11:30:00+01:00,92
2024-11-29 12:00:00+01:00,66
2024-11-29 12:30:00+01:00,68
2024-11-29 13:00:00+01:00,59
2024-11-29 13:30:00+01:00,63
2024-11-29 14:00:00+01:00,52
2024-11-29 14:30:00+01:00,53
2024-11-29 15:00:00+01:00,75
2024-11-29 15:30:00+01:00,65
2024-11-29 16:00:00+01:00,83
2024-11-29 16:30:00+01:00,103
2024-11-29 17:00:00+01:00,88
2024-11-29 17:30:00+01:00,99
2024-11-30 09:00:00+01:00,29
2024-11-30 09:30:00+01:00,21
2024-11-30 10:00:00+01:00,40
2024-11-30 10:30:00+01:00,38
2024-11-30 11:00:00+01:00,47
2024-11-30 11:30:00+01:00,44
2024-11-30 12:00:00+01:00,37
2024-11-30 12:30:00+01:00,37
2024-12-02 08:00:00+01:00,56
2024-12-02 08:30:00+01:00,65
2024-12-02 09:00:00+01:00,64
2024-12-02 09:30:00+01:00,59
2024-12-02 10:00:00+01:00,121
2024-12-02 10:30:00+01:00,115
2024-12-02 11:00:00+01:00,102
2024-12-02 11:30:00+01:00,118
2024-12-02 12:00:00+01:00,73
2024-12-02 12:30:00+01:00,64
2024-12-02 13:00:00+01:00,61
2024-12-02 13:30:00+01:00,68
2024-12-02 14:00:00+01:00,70
2024-12-02 14:30:00+01:00,69
2024-12-02 15:00:00+01:00,86
2024-12-02 15:30:00+01:00,67
2024-12-02 16:00:00+01:00,113
2024-12-02 16:30:00+01:00,132
2024-12-02 17:00:00+01:00,107
2024-12-02 17:30:00+01:00,104
2024-12-03 08:00:00+01:00,53
2024-12-03 08:30:00+01:00,55
2024-12-03 09:00:00+01:00,58
2024-12-03 09:30:00+01:00,55
2024-12-03 10:00:00+01:00,97
2024-12-03 10:30:00+01:00,90
2024-12-03 11:00:00+01:00,69
2024-12-03 11:30:00+01:00,84
2024-12-03 12:00:00+01:00,51
2024-12-03 12:30:00+01:00,55
2024-12-03 13:00:00+01:00,48
2024-12-03 13:30:00+01:00,56
2024-12-03 14:00:00+01:00,53
2024-12-03 14:30:00+01:00,53
2024-12-03 15:00:00+01:00,54
2024-12-03 15:30:00+01:00,55
2024-12-03 16:00:00+01:00,84
2024-12-03 16:30:00+01:00,80
2024-12-03 17:00:00+01:00,83
2024-12-03 17:30:00+01:00,74
2024-12-04 08:00:00+01:00,32
2024-12-04 08:30:00+01:00,34
2024-12-04 09:00:00+01:00,37
2024-12-04 09:30:00+01:00,37
2024-12-04 10:00:00+01:00,63
2024-12-04 10:30:00+01:00,59
2024-12-04 11:00:00+01:00,55
2024-12-04 11:30:00+01:00,70
2024-12-04 12:00:00+01:00,41
2024-12-04 12:30:00+01:00,37
2024-12-04 13:00:00+01:00,40
2024-12-04 13:30:00+01:00,26
2024-12-04 14:00:00+01:00,35
2024-12-04 14:30:00+01:00,27
2024-12-04 15:00:00+01:00,36
2024-12-04 15:30:00+01:00,47
2024-12-04 16:00:00+01:00,62
2024-12-04 16:30:00+01:00,53
2024-12-04 17:00:00+01:00,64
2024-12-04 17:30:00+01:00,56
2024-12-05 08:00:00+01:00,54
2024-12-05 08:30:00+01:00,54
2024-12-05 09:00:00+01:00,43
2024-12-05 09:30:00+01:00,46
2024-12-05 10:00:00+01:00,73
2024-12-05 10:30:00+01:00,75
2024-12-05 11:00:00+01:00,96
2024-12-05 11:30:00+01:00,78
2024-12-05 12:00:00+01:00,54
2024-12-05 12:30:00+01:00,63
2024-12-05 13:00:00+01:00,50
2024-12-05 13:30:00+01:00,58
2024-12-05 14:00:00+01:00,43
2024-12-05 14:30:00+01:00,51
2024-12-05 15:00:00+01:00,58
2024-12-05 15:30:00+01:00,82
2024-12-05 16:00:00+01:00,89
2024-12-05 16:30:00+01:00,81
2024-12-05 17:00:00+01:00,72
2024-12-05 17:30:00+01:00,93
2024-12-06 08:00:00+01:00,59
2024-12-06 08:30:00+01:00,66
2024-12-06 09:00:00+01:00,75
2024-12-06 09:30:00+01:00,58
2024-12-06 10:00:00+01:00,120
2024-12-06 10:30:00+01:00,110
2024-12-06 11:00:00+01:00,116
2024-12-06 11:30:00+01:00,123
2024-12-06 12:00:00+01:00,65
2024-12-06 12:30:00+01:00,76
2024-12-06 13:00:00+01:00,76
2024-12-06 13:30:00+01:00,59
2024-12-06 14:00:00+01:00,69
2024-12-06 14:30:00+01:00,57
2024-12-06 15:00:00+01:00,78
2024-12-06 15:30:00+01:00,79
2024-12-06 16:00:00+01:00,93
2024-12-06 16:30:00+01:00,102
2024-12-06 17:00:00+01:00,87
2024-12-06 17:30:00+01:00,120
2024-12-07 09:00:00+01:00,29
2024-12-07 09:30:00+01:00,28
2024-12-07 10:00:00+01:00,53
2024-12-07 10:30:00+01:00,42
2024-12-07 11:00:00+01:00,50
2024-12-07 11:30:00+01:00,44
2024-12-07 12:00:00+01:00,37
2024-12-07 12:30:00+01:00,40
2024-12-09 08:00:00+01:00,51
2024-12-09 08:30:00+01:00,64
2024-12-09 09:00:00+01:00,60
2024-12-09 09:30:00+01:00,56
2024-12-09 10:00:00+01:00,98
2024-12-09 10:30:00+01:00,96
2024-12-09 11:00:00+01:00,99
2024-12-09 11:30:00+01:00,105
2024-12-09 12:00:00+01:00,71
2024-12-09 12:30:00+01:00,70
2024-12-09 13:00:00+01:00,68
2024-12-09 13:30:00+01:00,55
2024-12-09 14:00:00+01:00,59
2024-12-09 14:30:00+01:00,60
2024-12-09 15:00:00+01:00,78
2024-12-09 15:30:00+01:00,88
2024-12-09 16:00:00+01:00,100
2024-12-09 16:30:00+01:00,113
2024-12-09 17:00:00+01:00,122
2024-12-09 17:30:00+01:00,101
2024-12-10 08:00:00+01:00,44
2024-12-10 08:30:00+01:00,54
2024-12-10 09:00:00+01:00,54
2024-12-10 09:30:00+01:00,51
2024-12-10 10:00:00+01:00,88
2024-12-10 10:30:00+01:00,59
2024-12-10 11:00:00+01:00,71
2024-12-10 11:30:00+01:00,78
2024-12-10 12:00:00+01:00,62
2024-12-10 12:30:00+01:00,62
2024-12-10 13:00:00+01:00,49
2024-12-10 13:30:00+01:00,42
2024-12-10 14:00:00+01:00,46
2024-12-10 14:30:00+01:00,54
2024-12-10 15:00:00+01:00,69
2024-12-10 15:30:00+01:00,67
2024-12-10 16:00:00+01:00,78
2024-12-10 16:30:00+01:00,89
2024-12-10 17:00:00+01:00,85
2024-12-10 17:30:00+01:00,85
2024-12-11 08:00:00+01:00,39
2024-12-11 08:30:00+01:00,33
2024-12-11 09:00:00+01:00,32
2024-12-11 09:30:00+01:00,34
2024-12-11 10:00:00+01:00,50
2024-12-11 10:30:00+01:00,65
2024-12-11 11:00:00+01:00,58
2024-12-11 11:30:00+01:00,55
2024-12-11 12:00:00+01:00,37
2024-12-11 12:30:00+01:00,43
2024-12-11 13:00:00+01:00,34
2024-12-11 13:30:00+01:00,30
2024-12-11 14:00:00+01:00,39
2024-12-11 14:30:00+01:00,30
2024-12-11 15:00:00+01:00,33
2024-12-11 15:30:00+01:00,42
2024-12-11 16:00:00+01:00,72
2024-12-11 16:30:00+01:00,53
2024-12-11 17:00:00+01:00,56
2024-12-11 17:30:00+01:00,44
2024-12-12 08:00:00+01:00,54
2024-12-12 08:30:00+01:00,56
2024-12-12 09:00:00+01:00,54
2024-12-12 09:30:00+01:00,52
2024-12-12 10:00:00+01:00,84
2024-12-12 10:30:00+01:00,77
2024-12-12 11:00:00+01:00,74
2024-12-12 11:30:00+01:00,74
2024-12-12 12:00:00+01:00,56
2024-12-12 12:30:00+01:00,68
2024-12-12 13:00:00+01:00,53
2024-12-12 13:30:00+01:00,49
2024-12-12 14:00:00+01:00,44
2024-12-12 14:30:00+01:00,48
2024-12-12 15:00:00+01:00,65
2024-12-12 15:30:00+01:00,70
2024-12-12 16:00:00+01:00,87
2024-12-12 16:30:00+01:00,73
2024-12-12 17:00:00+01:00,89
2024-12-12 17:30:00+01:00,76
2024-12-13 08:00:00+01:00,64
2024-12-13 08:30:00+01:00,79
2024-12-13 09:00:00+01:00,72
2024-12-13 09:30:00+01:00,59
2024-12-13 10:00:00+01:00,119
2024-12-13 10:30:00+01:00,116
2024-12-13 11:00:00+01:00,115
2024-12-13 11:30:00+01:00,117
2024-12-13 12:00:00+01:00,74
2024-12-13 12:30:00+01:00,75
2024-12-13 13:00:00+01:00,72
2024-12-13 13:30:00+01:00,54
2024-12-13 14:00:00+01:00,64
2024-12-13 14:30:00+01:00,67
2024-12-13 15:00:00+01:00,69
2024-12-13 15:30:00+01:00,80
2024-12-13 16:00:00+01:00,109
2024-12-13 16:30:00+01:00,105
2024-12-13 17:00:00+01:00,100
2024-12-13 17:30:00+01:00,112
2024-12-14 09:00:00+01:00,29
2024-12-14 09:30:00+01:00,32
2024-12-14 10:00:00+01:00,52
2024-12-14 10:30:00+01:00,45
2024-12-14 11:00:00+01:00,60
2024-12-14 11:30:00+01:00,43
2024-12-14 12:00:00+01:00,34
2024-12-14 12:30:00+01:00,38
2024-12-16 08:00:00+01:00,53
2024-12-16 08:30:00+01:00,57
2024-12-16 09:00:00+01:00,69
2024-12-16 09:30:00+01:00,66
2024-12-16 10:00:00+01:00,117
2024-12-16 10:30:00+01:00,128
2024-12-16 11:00:00+01:00,114
2024-12-16 11:30:00+01:00,125
2024-12-16 12:00:00+01:00,81
2024-12-16 12:30:00+01:00,81
2024-12-16 13:00:00+01:00,65
2024-12-16 13:30:00+01:00,57
2024-12-16 14:00:00+01:00,72
2024-12-16 14:30:00+01:00,55
2024-12-16 15:00:00+01:00,88
2024-12-16 15:30:00+01:00,85
2024-12-16 16:00:00+01:00,110
2024-12-16 16:30:00+01:00,118
2024-12-16 17:00:00+01:00,108
2024-12-16 17:30:00+01:00,117
2024-12-17 08:00:00+01:00,46
2024-12-17 08:30:00+01:00,54
2024-12-17 09:00:00+01:00,44
2024-12-17 09:30:00+01:00,40
2024-12-17 10:00:00+01:00,86
2024-12-17 10:30:00+01:00,97
2024-12-17 11:00:00+01:00,83
2024-12-17 11:30:00+01:00,93
2024-12-17 12:00:00+01:00,58
2024-12-17 12:30:00+01:00,52
2024-12-17 13:00:00+01:00,59
2024-12-17 13:30:00+01:00,50
2024-12-17 14:00:00+01:00,52
2024-12-17 14:30:00+01:00,50
2024-12-17 15:00:00+01:00,52
2024-12-17 15:30:00+01:00,61
2024-12-17 16:00:00+01:00,77
2024-12-17 16:30:00+01:00,68
2024-12-17 17:00:00+01:00,77
2024-12-17 17:30:00+01:00,97
2024-12-18 08:00:00+01:00,36
2024-12-18 08:30:00+01:00,35
2024-12-18 09:00:00+01:00,33
2024-12-18 09:30:00+01:00,41
2024-12-18 10:00:00+01:00,55
2024-12-18 10:30:00+01:00,63
2024-12-18 11:00:00+01:00,60
2024-12-18 11:30:00+01:00,54
2024-12-18 12:00:00+01:00,45
2024-12-18 12:30:00+01:00,43
2024-12-18 13:00:00+01:00,32
2024-12-18 13:30:00+01:00,27
2024-12-18 14:00:00+01:00,35
2024-12-18 14:30:00+01:00,36
2024-12-18 15:00:00+01:00,45
2024-12-18 15:30:00+01:00,39
2024-12-18 16:00:00+01:00,67
2024-12-18 16:30:00+01:00,53
2024-12-18 17:00:00+01:00,58
2024-12-18 17:30:00+01:00,52
2024-12-19 08:00:00+01:00,63
2024-12-19 08:30:00+01:00,61
2024-12-19 09:00:00+01:00,39
2024-12-19 09:30:00+01:00,44
2024-12-19 10:00:00+01:00,80
2024-12-19 10:30:00+01:00,99
2024-12-19 11:00:00+01:00,98
2024-12-19 11:30:00+01:00,83
2024-12-19 12:00:00+01:00,65
2024-12-19 12:30:00+01:00,58
2024-12-19 13:00:00+01:00,50
2024-12-19 13:30:00+01:00,47
2024-12-19 14:00:00+01:00,56
2024-12-19 14:30:00+01:00,44
2024-12-19 15:00:00+01:00,53
2024-12-19 15:30:00+01:00,55
2024-12-19 16:00:00+01:00,97
2024-12-19 16:30:00+01:00,68
2024-12-19 17:00:00+01:00,96
2024-12-19 17:30:00+01:00,93
2024-12-20 08:00:00+01:00,69
2024-12-20 08:30:00+01:00,63
2024-12-20 09:00:00+01:00,58
2024-12-20 09:30:00+01:00,49
2024-12-20 10:00:00+01:00,102
2024-12-20 10:30:00+01:00,124
2024-12-20 11:00:00+01:00,101
2024-12-20 11:30:00+01:00,101
2024-12-20 12:00:00+01:00,61
2024-12-20 12:30:00+01:00,75
2024-12-20 13:00:00+01:00,57
2024-12-20 13:30:00+01:00,70
2024-12-20 14:00:00+01:00,66
2024-12-20 14:30:00+01:00,67
2024-12-20 15:00:00+01:00,91
2024-12-20 15:30:00+01:00,78
2024-12-20 16:00:00+01:00,109
2024-12-20 16:30:00+01:00,79
2024-12-20 17:00:00+01:00,115
2024-12-20 17:30:00+01:00,100
2024-12-21 09:00:00+01:00,33
2024-12-21 09:30:00+01:00,26
2024-12-21 10:00:00+01:00,48
2024-12-21 10:30:00+01:00,46
2024-12-21 11:00:00+01:00,57
2024-12-21 11:30:00+01:00,58
2024-12-21 12:00:00+01:00,37
2024-12-21 12:30:00+01:00,32
2024-12-23 08:00:00+01:00,67
2024-12-23 08:30:00+01:00,61
2024-12-23 09:00:00+01:00,66
2024-12-23 09:30:00+01:00,67
2024-12-23 10:00:00+01:00,122
2024-12-23 10:30:00+01:00,142
2024-12-23 11:00:00+01:00,108
2024-12-23 11:30:00+01:00,120
2024-12-23 12:00:00+01:00,65
2024-12-23 12:30:00+01:00,107
2024-12-23 13:00:00+01:00,62
2024-12-23 13:30:00+01:00,55
2024-12-23 14:00:00+01:00,65
2024-12-23 14:30:00+01:00,57
2024-12-23 15:00:00+01:00,80
2024-12-23 15:30:00+01:00,61
2024-12-23 16:00:00+01:00,147
2024-12-23 16:30:00+01:00,102
2024-12-23 17:00:00+01:00,106
2024-12-23 17:30:00+01:00,92
2024-12-24 08:00:00+01:00,42
2024-12-24 08:30:00+01:00,44
2024-12-24 09:00:00+01:00,51
2024-12-24 09:30:00+01:00,61
2024-12-24 10:00:00+01:00,87
2024-12-24 10:30:00+01:00,103
2024-12-24 11:00:00+01:00,85
2024-12-24 11:30:00+01:00,80
2024-12-24 12:00:00+01:00,61
2024-12-24 12:30:00+01:00,55
2024-12-24 13:00:00+01:00,47
2024-12-24 13:30:00+01:00,44
2024-12-24 14:00:00+01:00,46
2024-12-24 14:30:00+01:00,49
2024-12-24 15:00:00+01:00,56
2024-12-24 15:30:00+01:00,57
2024-12-24 16:00:00+01:00,63
2024-12-24 16:30:00+01:00,80
2024-12-24 17:00:00+01:00,84
2024-12-24 17:30:00+01:00,87
2024-12-25 08:00:00+01:00,33
2024-12-25 08:30:00+01:00,34
2024-12-25 09:00:00+01:00,36
2024-12-25 09:30:00+01:00,31
2024-12-25 10:00:00+01:00,55
2024-12-25 10:30:00+01:00,62
2024-12-25 11:00:00+01:00,61
2024-12-25 11:30:00+01:00,51
2024-12-25 12:00:00+01:00,47
2024-12-25 12:30:00+01:00,52
2024-12-25 13:00:00+01:00,34
2024-12-25 13:30:00+01:00,33
2024-12-25 14:00:00+01:00,31
2024-12-25 14:30:00+01:00,36
2024-12-25 15:00:00+01:00,39
2024-12-25 15:30:00+01:00,37
2024-12-25 16:00:00+01:00,73
2024-12-25 16:30:00+01:00,48
2024-12-25 17:00:00+01:00,63
2024-12-25 17:30:00+01:00,54
2024-12-26 08:00:00+01:00,47
2024-12-26 08:30:00+01:00,45
2024-12-26 09:00:00+01:00,50
2024-12-26 09:30:00+01:00,47
2024-12-26 10:00:00+01:00,99
2024-12-26 10:30:00+01:00,82
2024-12-26 11:00:00+01:00,81
2024-12-26 11:30:00+01:00,71
2024-12-26 12:00:00+01:00,54
2024-12-26 12:30:00+01:00,75
2024-12-26 13:00:00+01:00,43
2024-12-26 13:30:00+01:00,52
2024-12-26 14:00:00+01:00,44
2024-12-26 14:30:00+01:00,49
2024-12-26 15:00:00+01:00,48
2024-12-26 15:30:00+01:00,71
2024-12-26 16:00:00+01:00,77
2024-12-26 16:30:00+01:00,88
2024-12-26 17:00:00+01:00,92
2024-12-26 17:30:00+01:00,79
2024-12-27 08:00:00+01:00,80
2024-12-27 08:30:00+01:00,57
2024-12-27 09:00:00+01:00,56
2024-12-27 09:30:00+01:00,63
2024-12-27 10:00:00+01:00,103
2024-12-27 10:30:00+01:00,130
2024-12-27 11:00:00+01:00,130
2024-12-27 11:30:00+01:00,106
2024-12-27 12:00:00+01:00,73
2024-12-27 12:30:00+01:00,74
2024-12-27 13:00:00+01:00,67
2024-12-27 13:30:00+01:00,58
2024-12-27 14:00:00+01:00,59
2024-12-27 14:30:00+01:00,62
2024-12-27 15:00:00+01:00,75
2024-12-27 15:30:00+01:00,64
2024-12-27 16:00:00+01:00,136
2024-12-27 16:30:00+01:00,107
2024-12-27 17:00:00+01:00,85
2024-12-27 17:30:00+01:00,93
2024-12-28 09:00:00+01:00,29
2024-12-28 09:30:00+01:00,32
2024-12-28 10:00:00+01:00,48
2024-12-28 10:30:00+01:00,59
2024-12-28 11:00:00+01:00,37
2024-12-28 11:30:00+01:00,59
2024-12-28 12:00:00+01:00,33
2024-12-28 12:30:00+01:00,43
2024-12-30 08:00:00+01:00,55
2024-12-30 08:30:00+01:00,76
2024-12-30 09:00:00+01:00,64
2024-12-30 09:30:00+01:00,56
2024-12-30 10:00:00+01:00,121
2024-12-30 10:30:00+01:00,90
2024-12-30 11:00:00+01:00,86
2024-12-30 11:30:00+01:00,101
2024-12-30 12:00:00+01:00,77
2024-12-30 12:30:00+01:00,79
2024-12-30 13:00:00+01:00,53
2024-12-30 13:30:00+01:00,71
2024-12-30 14:00:00+01:00,52
2024-12-30 14:30:00+01:00,62
2024-12-30 15:00:00+01:00,87
2024-12-30 15:30:00+01:00,61
2024-12-30 16:00:00+01:00,93
2024-12-30 16:30:00+01:00,106
2024-12-30 17:00:00+01:00,93
2024-12-30 17:30:00+01:00,100
2024-12-31 08:00:00+01:00,42
2024-12-31 08:30:00+01:00,54
2024-12-31 09:00:00+01:00,44
2024-12-31 09:30:00+01:00,42
2024-12-31 10:00:00+01:00,80
2024-12-31 10:30:00+01:00,85
2024-12-31 11:00:00+01:00,77
2024-12-31 11:30:00+01:00,73
2024-12-31 12:00:00+01:00,71
2024-12-31 12:30:00+01:00,69
2024-12-31 13:00:00+01:00,52
2024-12-31 13:30:00+01:00,46
2024-12-31 14:00:00+01:00,49
2024-12-31 14:30:00+01:00,44
2024-12-31 15:00:00+01:00,68
2024-12-31 15:30:00+01:00,72
2024-12-31 16:00:00+01:00,90
2024-12-31 16:30:00+01:00,86
2024-12-31 17:00:00+01:00,108
2024-12-31 17:30:00+01:00,86
2025-01-01 08:00:00+01:00,33
2025-01-01 08:30:00+01:00,36
2025-01-01 09:00:00+01:00,29
2025-01-01 09:30:00+01:00,40
2025-01-01 10:00:00+01:00,52
2025-01-01 10:30:00+01:00,49
2025-01-01 11:00:00+01:00,57
2025-01-01 11:30:00+01:00,58
2025-01-01 12:00:00+01:00,38
2025-01-01 12:30:00+01:00,46
2025-01-01 13:00:00+01:00,24
2025-01-01 13:30:00+01:00,32
2025-01-01 14:00:00+01:00,39
2025-01-01 14:30:00+01:00,31
2025-01-01 15:00:00+01:00,36
2025-01-01 15:30:00+01:00,39
2025-01-01 16:00:00+01:00,50
2025-01-01 16:30:00+01:00,61
2025-01-01 17:00:00+01:00,53
2025-01-01 17:30:00+01:00,52
2025-01-02 08:00:00+01:00,45
2025-01-02 08:30:00+01:00,45
2025-01-02 09:00:00+01:00,56
2025-01-02 09:30:00+01:00,51
2025-01-02 10:00:00+01:00,84
2025-01-02 10:30:00+01:00,79
2025-01-02 11:00:00+01:00,92
2025-01-02 11:30:00+01:00,78
2025-01-02 12:00:00+01:00,64
2025-01-02 12:30:00+01:00,50
2025-01-02 13:00:00+01:00,46
2025-01-02 13:30:00+01:00,47
2025-01-02 14:00:00+01:00,32
2025-01-02 14:30:00+01:00,55
2025-01-02 15:00:00+01:00,51
2025-01-02 15:30:00+01:00,52
2025-01-02 16:00:00+01:00,84
2025-01-02 16:30:00+01:00,79
2025-01-02 17:00:00+01:00,78
2025-01-02 17:30:00+01:00,80
2025-01-03 08:00:00+01:00,59
2025-01-03 08:30:00+01:00,57
2025-01-03 09:00:00+01:00,79
2025-01-03 09:30:00+01:00,64
2025-01-03 10:00:00+01:00,111
2025-01-03 10:30:00+01:00,100
2025-01-03 11:00:00+01:00,73
2025-01-03 11:30:00+01:00,101
2025-01-03 12:00:00+01:00,66
2025-01-03 12:30:00+01:00,94
2025-01-03 13:00:00+01:00,59
2025-01-03 13:30:00+01:00,62
2025-01-03 14:00:00+01:00,61
2025-01-03 14:30:00+01:00,65
2025-01-03 15:00:00+01:00,73
2025-01-03 15:30:00+01:00,73
2025-01-03 16:00:00+01:00,115
2025-01-03 16:30:00+01:00,102
2025-01-03 17:00:00+01:00,120
2025-01-03 17:30:00+01:00,109
2025-01-04 09:00:00+01:00,29
2025-01-04 09:30:00+01:00,32
2025-01-04 10:00:00+01:00,40
2025-01-04 10:30:00+01:00,46
2025-01-04 11:00:00+01:00,60
2025-01-04 11:30:00+01:00,49
2025-01-04 12:00:00+01:00,40
2025-01-04 12:30:00+01:00,39
2025-01-06 08:00:00+01:00,61
2025-01-06 08:30:00+01:00,56
2025-01-06 09:00:00+01:00,66
2025-01-06 09:30:00+01:00,77
2025-01-06 10:00:00+01:00,97
2025-01-06 10:30:00+01:00,112
2025-01-06 11:00:00+01:00,97
2025-01-06 11:30:00+01:00,109
2025-01-06 12:00:00+01:00,76
2025-01-06 12:30:00+01:00,71
2025-01-06 13:00:00+01:00,46
2025-01-06 13:30:00+01:00,55
2025-01-06 14:00:00+01:00,65
2025-01-06 14:30:00+01:00,72
2025-01-06 15:00:00+01:00,78
2025-01-06 15:30:00+01:00,78
2025-01-06 16:00:00+01:00,116
2025-01-06 16:30:00+01:00,124
2025-01-06 17:00:00+01:00,97
2025-01-06 17:30:00+01:00,124
2025-01-07 08:00:00+01:00,45
2025-01-07 08:30:00+01:00,42
2025-01-07 09:00:00+01:00,46
2025-01-07 09:30:00+01:00,51
2025-01-07 10:00:00+01:00,74
2025-01-07 10:30:00+01:00,76
2025-01-07 11:00:00+01:00,80
2025-01-07 11:30:00+01:00,92
2025-01-07 12:00:00+01:00,54
2025-01-07 12:30:00+01:00,62
2025-01-07 13:00:00+01:00,51
2025-01-07 13:30:00+01:00,50
2025-01-07 14:00:00+01:00,43
2025-01-07 14:30:00+01:00,49
2025-01-07 15:00:00+01:00,59
2025-01-07 15:30:00+01:00,80
2025-01-07 16:00:00+01:00,79
2025-01-07 16:30:00+01:00,83
2025-01-07 17:00:00+01:00,66
2025-01-07 17:30:00+01:00,65
2025-01-08 08:00:00+01:00,35
2025-01-08 08:30:00+01:00,32
2025-01-08 09:00:00+01:00,33
2025-01-08 09:30:00+01:00,33
2025-01-08 10:00:00+01:00,59
2025-01-08 10:30:00+01:00,65
2025-01-08 11:00:00+01:00,54
2025-01-08 11:30:00+01:00,53
2025-01-08 12:00:00+01:00,40
2025-01-08 12:30:00+01:00,35
2025-01-08 13:00:00+01:00,28
2025-01-08 13:30:00+01:00,33
2025-01-08 14:00:00+01:00,38
2025-01-08 14:30:00+01:00,32
2025-01-08 15:00:00+01:00,41
2025-01-08 15:30:00+01:00,38
2025-01-08 16:00:00+01:00,60
2025-01-08 16:30:00+01:00,63
2025-01-08 17:00:00+01:00,58
2025-01-08 17:30:00+01:00,52
2025-01-09 08:00:00+01:00,47
2025-01-09 08:30:00+01:00,53
2025-01-09 09:00:00+01:00,53
2025-01-09 09:30:00+01:00,54
2025-01-09 10:00:00+01:00,101
2025-01-09 10:30:00+01:00,70
2025-01-09 11:00:00+01:00,66
2025-01-09 11:30:00+01:00,85
2025-01-09 12:00:00+01:00,48
2025-01-09 12:30:00+01:00,56
2025-01-09 13:00:00+01:00,39
2025-01-09 13:30:00+01:00,56
2025-01-09 14:00:00+01:00,39
2025-01-09 14:30:00+01:00,41
2025-01-09 15:00:00+01:00,59
2025-01-09 15:30:00+01:00,55
2025-01-09 16:00:00+01:00,81
2025-01-09 16:30:00+01:00,83
2025-01-09 17:00:00+01:00,71
2025-01-09 17:30:00+01:00,78
2025-01-10 08:00:00+01:00,66
2025-01-10 08:30:00+01:00,68
2025-01-10 09:00:00+01:00,47
2025-01-10 09:30:00+01:00,54
2025-01-10 10:00:00+01:00,104
2025-01-10 10:30:00+01:00,114
2025-01-10 11:00:00+01:00,89
2025-01-10 11:30:00+01:00,92
2025-01-10 12:00:00+01:00,72
2025-01-10 12:30:00+01:00,69
2025-01-10 13:00:00+01:00,47
2025-01-10 13:30:00+01:00,69
2025-01-10 14:00:00+01:00,62
2025-01-10 14:30:00+01:00,50
2025-01-10 15:00:00+01:00,67
2025-01-10 15:30:00+01:00,69
2025-01-10 16:00:00+01:00,84
2025-01-10 16:30:00+01:00,97
2025-01-10 17:00:00+01:00,104
2025-01-10 17:30:00+01:00,102
2025-01-11 09:00:00+01:00,25
2025-01-11 09:30:00+01:00,30
2025-01-11 10:00:00+01:00,58
2025-01-11 10:30:00+01:00,58
2025-01-11 11:00:00+01:00,52
2025-01-11 11:30:00+01:00,47
2025-01-11 12:00:00+01:00,37
2025-01-11 12:30:00+01:00,33
2025-01-13 08:00:00+01:00,73
2025-01-13 08:30:00+01:00,61
2025-01-13 09:00:00+01:00,64
2025-01-13 09:30:00+01:00,64
2025-01-13 10:00:00+01:00,97
2025-01-13 10:30:00+01:00,124
2025-01-13 11:00:00+01:00,96
2025-01-13 11:30:00+01:00,97
2025-01-13 12:00:00+01:00,80
2025-01-13 12:30:00+01:00,72
2025-01-13 13:00:00+01:00,56
2025-01-13 13:30:00+01:00,57
2025-01-13 14:00:00+01:00,56
2025-01-13 14:30:00+01:00,77
2025-01-13 15:00:00+01:00,70
2025-01-13 15:30:00+01:00,72
2025-01-13 16:00:00+01:00,90
2025-01-13 16:30:00+01:00,93
2025-01-13 17:00:00+01:00,104
2025-01-13 17:30:00+01:00,86
2025-01-14 08:00:00+01:00,46
2025-01-14 08:30:00+01:00,49
2025-01-14 09:00:00+01:00,58
2025-01-14 09:30:00+01:00,44
2025-01-14 10:00:00+01:00,81
2025-01-14 10:30:00+01:00,64
2025-01-14 11:00:00+01:00,82
2025-01-14 11:30:00+01:00,95
2025-01-14 12:00:00+01:00,60
2025-01-14 12:30:00+01:00,53
2025-01-14 13:00:00+01:00,42
2025-01-14 13:30:00+01:00,42
2025-01-14 14:00:00+01:00,36
2025-01-14 14:30:00+01:00,43
2025-01-14 15:00:00+01:00,53
2025-01-14 15:30:00+01:00,70
2025-01-14 16:00:00+01:00,77
2025-01-14 16:30:00+01:00,75
2025-01-14 17:00:00+01:00,74
2025-01-14 17:30:00+01:00,84
2025-01-15 08:00:00+01:00,35
2025-01-15 08:30:00+01:00,28
2025-01-15 09:00:00+01:00,30
2025-01-15 09:30:00+01:00,39
2025-01-15 10:00:00+01:00,48
2025-01-15 10:30:00+01:00,48
2025-01-15 11:00:00+01:00,58
2025-01-15 11:30:00+01:00,52
2025-01-15 12:00:00+01:00,42
2025-01-15 12:30:00+01:00,44
2025-01-15 13:00:00+01:00,30
2025-01-15 13:30:00+01:00,36
2025-01-15 14:00:00+01:00,33
2025-01-15 14:30:00+01:00,33
2025-01-15 15:00:00+01:00,33
2025-01-15 15:30:00+01:00,39
2025-01-15 16:00:00+01:00,53
2025-01-15 16:30:00+01:00,60
2025-01-15 17:00:00+01:00,53
2025-01-15 17:30:00+01:00,58
2025-01-16 08:00:00+01:00,45
2025-01-16 08:30:00+01:00,46
2025-01-16 09:00:00+01:00,44
2025-01-16 09:30:00+01:00,45
2025-01-16 10:00:00+01:00,70
2025-01-16 10:30:00+01:00,60
2025-01-16 11:00:00+01:00,73
2025-01-16 11:30:00+01:00,83
2025-01-16 12:00:00+01:00,49
2025-01-16 12:30:00+01:00,62
2025-01-16 13:00:00+01:00,52
2025-01-16 13:30:00+01:00,48
2025-01-16 14:00:00+01:00,50
2025-01-16 14:30:00+01:00,37
2025-01-16 15:00:00+01:00,54
2025-01-16 15:30:00+01:00,58
2025-01-16 16:00:00+01:00,62
2025-01-16 16:30:00+01:00,65
2025-01-16 17:00:00+01:00,96
2025-01-16 17:30:00+01:00,63
2025-01-17 08:00:00+01:00,65
2025-01-17 08:30:00+01:00,68
2025-01-17 09:00:00+01:00,62
2025-01-17 09:30:00+01:00,62
2025-01-17 10:00:00+01:00,96
2025-01-17 10:30:00+01:00,98
2025-01-17 11:00:00+01:00,109
2025-01-17 11:30:00+01:00,111
2025-01-17 12:00:00+01:00,83
2025-01-17 12:30:00+01:00,79
2025-01-17 13:00:00+01:00,68
2025-01-17 13:30:00+01:00,64
2025-01-17 14:00:00+01:00,47
2025-01-17 14:30:00+01:00,57
2025-01-17 15:00:00+01:00,66
2025-01-17 15:30:00+01:00,65
2025-01-17 16:00:00+01:00,89
2025-01-17 16:30:00+01:00,104
2025-01-17 17:00:00+01:00,83
2025-01-17 17:30:00+01:00,104
2025-01-18 09:00:00+01:00,29
2025-01-18 09:30:00+01:00,28
2025-01-18 10:00:00+01:00,53
2025-01-18 10:30:00+01:00,48
2025-01-18 11:00:00+01:00,38
2025-01-18 11:30:00+01:00,54
2025-01-18 12:00:00+01:00,32
2025-01-18 12:30:00+01:00,35
2025-01-20 08:00:00+01:00,70
2025-01-20 08:30:00+01:00,56
2025-01-20 09:00:00+01:00,60
2025-01-20 09:30:00+01:00,66
2025-01-20 10:00:00+01:00,99
2025-01-20 10:30:00+01:00,111
2025-01-20 11:00:00+01:00,111
2025-01-20 11:30:00+01:00,97
2025-01-20 12:00:00+01:00,57
2025-01-20 12:30:00+01:00,82
2025-01-20 13:00:00+01:00,53
2025-01-20 13:30:00+01:00,70
2025-01-20 14:00:00+01:00,66
2025-01-20 14:30:00+01:00,53
2025-01-20 15:00:00+01:00,87
2025-01-20 15:30:00+01:00,65
2025-01-20 16:00:00+01:00,102
2025-01-20 16:30:00+01:00,86
2025-01-20 17:00:00+01:00,79
2025-01-20 17:30:00+01:00,91
2025-01-21 08:00:00+01:00,50
2025-01-21 08:30:00+01:00,50
2025-01-21 09:00:00+01:00,46
2025-01-21 09:30:00+01:00,48
2025-01-21 10:00:00+01:00,79
2025-01-21 10:30:00+01:00,72
2025-01-21 11:00:00+01:00,68
2025-01-21 11:30:00+01:00,71
2025-01-21 12:00:00+01:00,57
2025-01-21 12:30:00+01:00,51
2025-01-21 13:00:00+01:00,61
2025-01-21 13:30:00+01:00,39
2025-01-21 14:00:00+01:00,45
2025-01-21 14:30:00+01:00,39
2025-01-21 15:00:00+01:00,61
2025-01-21 15:30:00+01:00,56
2025-01-21 16:00:00+01:00,77
2025-01-21 16:30:00+01:00,67
2025-01-21 17:00:00+01:00,83
2025-01-21 17:30:00+01:00,80
2025-01-22 08:00:00+01:00,31
2025-01-22 08:30:00+01:00,33
2025-01-22 09:00:00+01:00,37
2025-01-22 09:30:00+01:00,32
2025-01-22 10:00:00+01:00,62
2025-01-22 10:30:00+01:00,60
2025-01-22 11:00:00+01:00,62
2025-01-22 11:30:00+01:00,66
2025-01-22 12:00:00+01:00,37
2025-01-22 12:30:00+01:00,31
2025-01-22 13:00:00+01:00,34
2025-01-22 13:30:00+01:00,32
2025-01-22 14:00:00+01:00,40
2025-01-22 14:30:00+01:00,28
2025-01-22 15:00:00+01:00,34
2025-01-22 15:30:00+01:00,51
2025-01-22 16:00:00+01:00,48
2025-01-22 16:30:00+01:00,57
2025-01-22 17:00:00+01:00,50
2025-01-22 17:30:00+01:00,61
2025-01-23 08:00:00+01:00,53
2025-01-23 08:30:00+01:00,55
2025-01-23 09:00:00+01:00,52
2025-01-23 09:30:00+01:00,52
2025-01-23 10:00:00+01:00,87
2025-01-23 10:30:00+01:00,92
2025-01-23 11:00:00+01:00,65
2025-01-23 11:30:00+01:00,81
2025-01-23 12:00:00+01:00,67
2025-01-23 12:30:00+01:00,46
2025-01-23 13:00:00+01:00,48
2025-01-23 13:30:00+01:00,44
2025-01-23 14:00:00+01:00,52
2025-01-23 14:30:00+01:00,40
2025-01-23 15:00:00+01:00,55
2025-01-23 15:30:00+01:00,57
2025-01-23 16:00:00+01:00,100
2025-01-23 16:30:00+01:00,84
2025-01-23 17:00:00+01:00,86
2025-01-23 17:30:00+01:00,58
2025-01-24 08:00:00+01:00,65
2025-01-24 08:30:00+01:00,73
2025-01-24 09:00:00+01:00,62
2025-01-24 09:30:00+01:00,66
2025-01-24 10:00:00+01:00,109
2025-01-24 10:30:00+01:00,106
2025-01-24 11:00:00+01:00,108
2025-01-24 11:30:00+01:00,104
2025-01-24 12:00:00+01:00,64
2025-01-24 12:30:00+01:00,101
2025-01-24 13:00:00+01:00,49
2025-01-24 13:30:00+01:00,61
2025-01-24 14:00:00+01:00,71
2025-01-24 14:30:00+01:00,51
2025-01-24 15:00:00+01:00,93
2025-01-24 15:30:00+01:00,77
2025-01-24 16:00:00+01:00,94
2025-01-24 16:30:00+01:00,89
2025-01-24 17:00:00+01:00,130
2025-01-24 17:30:00+01:00,119
2025-01-25 09:00:00+01:00,30
2025-01-25 09:30:00+01:00,32
2025-01-25 10:00:00+01:00,51
2025-01-25 10:30:00+01:00,63
2025-01-25 11:00:00+01:00,48
2025-01-25 11:30:00+01:00,50
2025-01-25 12:00:00+01:00,38
2025-01-25 12:30:00+01:00,32
2025-01-27 08:00:00+01:00,72
2025-01-27 08:30:00+01:00,63
2025-01-27 09:00:00+01:00,61
2025-01-27 09:30:00+01:00,64
2025-01-27 10:00:00+01:00,87
2025-01-27 10:30:00+01:00,109
2025-01-27 11:00:00+01:00,86
2025-01-27 11:30:00+01:00,111
2025-01-27 12:00:00+01:00,66
2025-01-27 12:30:00+01:00,61
2025-01-27 13:00:00+01:00,50
2025-01-27 13:30:00+01:00,58
2025-01-27 14:00:00+01:00,49
2025-01-27 14:30:00+01:00,64
2025-01-27 15:00:00+01:00,82
2025-01-27 15:30:00+01:00,83
2025-01-27 16:00:00+01:00,104
2025-01-27 16:30:00+01:00,121
2025-01-27 17:00:00+01:00,99
2025-01-27 17:30:00+01:00,109
2025-01-28 08:00:00+01:00,41
2025-01-28 08:30:00+01:00,43
2025-01-28 09:00:00+01:00,42
2025-01-28 09:30:00+01:00,43
2025-01-28 10:00:00+01:00,72
2025-01-28 10:30:00+01:00,69
2025-01-28 11:00:00+01:00,63
2025-01-28 11:30:00+01:00,83
2025-01-28 12:00:00+01:00,61
2025-01-28 12:30:00+01:00,47
2025-01-28 13:00:00+01:00,46
2025-01-28 13:30:00+01:00,43
2025-01-28 14:00:00+01:00,41
2025-01-28 14:30:00+01:00,50
2025-01-28 15:00:00+01:00,59
2025-01-28 15:30:00+01:00,57
2025-01-28 16:00:00+01:00,83
2025-01-28 16:30:00+01:00,76
2025-01-28 17:00:00+01:00,88
2025-01-28 17:30:00+01:00,92
2025-01-29 08:00:00+01:00,31
2025-01-29 08:30:00+01:00,32
2025-01-29 09:00:00+01:00,35
2025-01-29 09:30:00+01:00,36
2025-01-29 10:00:00+01:00,50
2025-01-29 10:30:00+01:00,48
2025-01-29 11:00:00+01:00,53
2025-01-29 11:30:00+01:00,58
2025-01-29 12:00:00+01:00,39
2025-01-29 12:30:00+01:00,42
2025-01-29 13:00:00+01:00,32
2025-01-29 13:30:00+01:00,36
2025-01-29 14:00:00+01:00,39
2025-01-29 14:30:00+01:00,31
2025-01-29 15:00:00+01:00,41
2025-01-29 15:30:00+01:00,46
2025-01-29 16:00:00+01:00,53
2025-01-29 16:30:00+01:00,56
2025-01-29 17:00:00+01:00,52
2025-01-29 17:30:00+01:00,61
2025-01-30 08:00:00+01:00,57
2025-01-30 08:30:00+01:00,45
2025-01-30 09:00:00+01:00,54
2025-01-30 09:30:00+01:00,45
2025-01-30 10:00:00+01:00,69
2025-01-30 10:30:00+01:00,78
2025-01-30 11:00:00+01:00,80
2025-01-30 11:30:00+01:00,63
2025-01-30 12:00:00+01:00,73
2025-01-30 12:30:00+01:00,69
2025-01-30 13:00:00+01:00,46
2025-01-30 13:30:00+01:00,47
2025-01-30 14:00:00+01:00,52
2025-01-30 14:30:00+01:00,47
2025-01-30 15:00:00+01:00,68
2025-01-30 15:30:00+01:00,49
2025-01-30 16:00:00+01:00,77
2025-01-30 16:30:00+01:00,71
2025-01-30 17:00:00+01:00,86
2025-01-30 17:30:00+01:00,69
2025-01-31 08:00:00+01:00,80
2025-01-31 08:30:00+01:00,66
2025-01-31 09:00:00+01:00,55
2025-01-31 09:30:00+01:00,60
2025-01-31 10:00:00+01:00,115
2025-01-31 10:30:00+01:00,122
2025-01-31 11:00:00+01:00,119
2025-01-31 11:30:00+01:00,94
2025-01-31 12:00:00+01:00,63
2025-01-31 12:30:00+01:00,84
2025-01-31 13:00:00+01:00,53
2025-01-31 13:30:00+01:00,68
2025-01-31 14:00:00+01:00,66
2025-01-31 14:30:00+01:00,49
2025-01-31 15:00:00+01:00,74
2025-01-31 15:30:00+01:00,87
2025-01-31 16:00:00+01:00,96
2025-01-31 16:30:00+01:00,126
2025-01-31 17:00:00+01:00,88
2025-01-31 17:30:00+01:00,104
2025-02-01 09:00:00+01:00,35
2025-02-01 09:30:00+01:00,38
2025-02-01 10:00:00+01:00,44
2025-02-01 10:30:00+01:00,44
2025-02-01 11:00:00+01:00,47
2025-02-01 11:30:00+01:00,42
2025-02-01 12:00:00+01:00,35
2025-02-01 12:30:00+01:00,36
2025-02-03 08:00:00+01:00,65
2025-02-03 08:30:00+01:00,54
2025-02-03 09:00:00+01:00,50
2025-02-03 09:30:00+01:00,58
2025-02-03 10:00:00+01:00,105
2025-02-03 10:30:00+01:00,113
2025-02-03 11:00:00+01:00,102
2025-02-03 11:30:00+01:00,101
2025-02-03 12:00:00+01:00,61
2025-02-03 12:30:00+01:00,77
2025-02-03 13:00:00+01:00,63
2025-02-03 13:30:00+01:00,64
2025-02-03 14:00:00+01:00,57
2025-02-03 14:30:00+01:00,61
2025-02-03 15:00:00+01:00,73
2025-02-03 15:30:00+01:00,72
2025-02-03 16:00:00+01:00,87
2025-02-03 16:30:00+01:00,126
2025-02-03 17:00:00+01:00,104
2025-02-03 17:30:00+01:00,108
2025-02-04 08:00:00+01:00,41
2025-02-04 08:30:00+01:00,50
2025-02-04 09:00:00+01:00,45
2025-02-04 09:30:00+01:00,61
2025-02-04 10:00:00+01:00,77
2025-02-04 10:30:00+01:00,63
2025-02-04 11:00:00+01:00,64
2025-02-04 11:30:00+01:00,68
2025-02-04 12:00:00+01:00,53
2025-02-04 12:30:00+01:00,52
2025-02-04 13:00:00+01:00,57
2025-02-04 13:30:00+01:00,48
2025-02-04 14:00:00+01:00,36
2025-02-04 14:30:00+01:00,36
2025-02-04 15:00:00+01:00,59
2025-02-04 15:30:00+01:00,52
2025-02-04 16:00:00+01:00,89
2025-02-04 16:30:00+01:00,63
2025-02-04 17:00:00+01:00,68
2025-02-04 17:30:00+01:00,70
2025-02-05 08:00:00+01:00,33
2025-02-05 08:30:00+01:00,35
2025-02-05 09:00:00+01:00,34
2025-02-05 09:30:00+01:00,33
2025-02-05 10:00:00+01:00,59
2025-02-05 10:30:00+01:00,50
2025-02-05 11:00:00+01:00,59
2025-02-05 11:30:00+01:00,60
2025-02-05 12:00:00+01:00,39
2025-02-05 12:30:00+01:00,40
2025-02-05 13:00:00+01:00,27
2025-02-05 13:30:00+01:00,33
2025-02-05 14:00:00+01:00,30
2025-02-05 14:30:00+01:00,29
2025-02-05 15:00:00+01:00,40
2025-02-05 15:30:00+01:00,32
2025-02-05 16:00:00+01:00,48
2025-02-05 16:30:00+01:00,55
2025-02-05 17:00:00+01:00,56
2025-02-05 17:30:00+01:00,63
2025-02-06 08:00:00+01:00,50
2025-02-06 08:30:00+01:00,43
2025-02-06 09:00:00+01:00,46
2025-02-06 09:30:00+01:00,50
2025-02-06 10:00:00+01:00,81
2025-02-06 10:30:00+01:00,76
2025-02-06 11:00:00+01:00,84
2025-02-06 11:30:00+01:00,68
2025-02-06 12:00:00+01:00,44
2025-02-06 12:30:00+01:00,63
2025-02-06 13:00:00+01:00,40
2025-02-06 13:30:00+01:00,40
2025-02-06 14:00:00+01:00,47
2025-02-06 14:30:00+01:00,42
2025-02-06 15:00:00+01:00,62
2025-02-06 15:30:00+01:00,59
2025-02-06 16:00:00+01:00,80
2025-02-06 16:30:00+01:00,85
2025-02-06 17:00:00+01:00,76
2025-02-06 17:30:00+01:00,86
2025-02-07 08:00:00+01:00,56
2025-02-07 08:30:00+01:00,70
2025-02-07 09:00:00+01:00,57
2025-02-07 09:30:00+01:00,57
2025-02-07 10:00:00+01:00,99
2025-02-07 10:30:00+01:00,96
2025-02-07 11:00:00+01:00,94
2025-02-07 11:30:00+01:00,106
2025-02-07 12:00:00+01:00,61
2025-02-07 12:30:00+01:00,68
2025-02-07 13:00:00+01:00,49
2025-02-07 13:30:00+01:00,54
2025-02-07 14:00:00+01:00,48
2025-02-07 14:30:00+01:00,67
2025-02-07 15:00:00+01:00,69
2025-02-07 15:30:00+01:00,74
2025-02-07 16:00:00+01:00,87
2025-02-07 16:30:00+01:00,84
2025-02-07 17:00:00+01:00,100
2025-02-07 17:30:00+01:00,123
2025-02-08 09:00:00+01:00,28
2025-02-08 09:30:00+01:00,28
2025-02-08 10:00:00+01:00,42
2025-02-08 10:30:00+01:00,36
2025-02-08 11:00:00+01:00,46
2025-02-08 11:30:00+01:00,47
2025-02-08 12:00:00+01:00,26
2025-02-08 12:30:00+01:00,45
2025-02-10 08:00:00+01:00,50
2025-02-10 08:30:00+01:00,61
2025-02-10 09:00:00+01:00,55
2025-02-10 09:30:00+01:00,74
2025-02-10 10:00:00+01:00,95
2025-02-10 10:30:00+01:00,83
2025-02-10 11:00:00+01:00,107
2025-02-10 11:30:00+01:00,91
2025-02-10 12:00:00+01:00,86
2025-02-10 12:30:00+01:00,68
2025-02-10 13:00:00+01:00,62
2025-02-10 13:30:00+01:00,51
2025-02-10 14:00:00+01:00,61
2025-02-10 14:30:00+01:00,45
2025-02-10 15:00:00+01:00,71
2025-02-10 15:30:00+01:00,70
2025-02-10 16:00:00+01:00,91
2025-02-10 16:30:00+01:00,116
2025-02-10 17:00:00+01:00,110
2025-02-10 17:30:00+01:00,95
2025-02-11 08:00:00+01:00,45
2025-02-11 08:30:00+01:00,49
2025-02-11 09:00:00+01:00,47
2025-02-11 09:30:00+01:00,54
2025-02-11 10:00:00+01:00,100
2025-02-11 10:30:00+01:00,91
2025-02-11 11:00:00+01:00,90
2025-02-11 11:30:00+01:00,88
2025-02-11 12:00:00+01:00,39
2025-02-11 12:30:00+01:00,54
2025-02-11 13:00:00+01:00,45
2025-02-11 13:30:00+01:00,50
2025-02-11 14:00:00+01:00,36
2025-02-11 14:30:00+01:00,50
2025-02-11 15:00:00+01:00,51
2025-02-11 15:30:00+01:00,55
2025-02-11 16:00:00+01:00,64
2025-02-11 16:30:00+01:00,90
2025-02-11 17:00:00+01:00,75
2025-02-11 17:30:00+01:00,79
2025-02-12 08:00:00+01:00,36
2025-02-12 08:30:00+01:00,29
2025-02-12 09:00:00+01:00,35
2025-02-12 09:30:00+01:00,34
2025-02-12 10:00:00+01:00,50
2025-02-12 10:30:00+01:00,59
2025-02-12 11:00:00+01:00,69
2025-02-12 11:30:00+01:00,56
2025-02-12 12:00:00+01:00,45
2025-02-12 12:30:00+01:00,34
2025-02-12 13:00:00+01:00,32
2025-02-12 13:30:00+01:00,27
2025-02-12 14:00:00+01:00,33
2025-02-12 14:30:00+01:00,32
2025-02-12 15:00:00+01:00,32
2025-02-12 15:30:00+01:00,32
2025-02-12 16:00:00+01:00,52
2025-02-12 16:30:00+01:00,65
2025-02-12 17:00:00+01:00,53
2025-02-12 17:30:00+01:00,58
2025-02-13 08:00:00+01:00,44
2025-02-13 08:30:00+01:00,46
2025-02-13 09:00:00+01:00,44
2025-02-13 09:30:00+01:00,47
2025-02-13 10:00:00+01:00,71
2025-02-13 10:30:00+01:00,70
2025-02-13 11:00:00+01:00,97
2025-02-13 11:30:00+01:00,82
2025-02-13 12:00:00+01:00,52
2025-02-13 12:30:00+01:00,48
2025-02-13 13:00:00+01:00,46
2025-02-13 13:30:00+01:00,41
2025-02-13 14:00:00+01:00,43
2025-02-13 14:30:00+01:00,47
2025-02-13 15:00:00+01:00,60
2025-02-13 15:30:00+01:00,52
2025-02-13 16:00:00+01:00,69
2025-02-13 16:30:00+01:00,70
2025-02-13 17:00:00+01:00,62
2025-02-13 17:30:00+01:00,65
2025-02-14 08:00:00+01:00,67
2025-02-14 08:30:00+01:00,48
2025-02-14 09:00:00+01:00,66
2025-02-14 09:30:00+01:00,53
2025-02-14 10:00:00+01:00,92
2025-02-14 10:30:00+01:00,103
2025-02-14 11:00:00+01:00,99
2025-02-14 11:30:00+01:00,100
2025-02-14 12:00:00+01:00,71
2025-02-14 12:30:00+01:00,62
2025-02-14 13:00:00+01:00,77
2025-02-14 13:30:00+01:00,61
2025-02-14 14:00:00+01:00,45
2025-02-14 14:30:00+01:00,60
2025-02-14 15:00:00+01:00,74
2025-02-14 15:30:00+01:00,71
2025-02-14 16:00:00+01:00,86
2025-02-14 16:30:00+01:00,107
2025-02-14 17:00:00+01:00,99
2025-02-14 17:30:00+01:00,101
2025-02-15 09:00:00+01:00,35
2025-02-15 09:30:00+01:00,29
2025-02-15 10:00:00+01:00,50
2025-02-15 10:30:00+01:00,40
2025-02-15 11:00:00+01:00,40
2025-02-15 11:30:00+01:00,47
2025-02-15 12:00:00+01:00,32
2025-02-15 12:30:00+01:00,37
2025-02-17 08:00:00+01:00,57
2025-02-17 08:30:00+01:00,62
2025-02-17 09:00:00+01:00,74
2025-02-17 09:30:00+01:00,82
2025-02-17 10:00:00+01:00,113
2025-02-17 10:30:00+01:00,103
2025-02-17 11:00:00+01:00,85
2025-02-17 11:30:00+01:00,103
2025-02-17 12:00:00+01:00,60
2025-02-17 12:30:00+01:00,78
2025-02-17 13:00:00+01:00,43
2025-02-17 13:30:00+01:00,61
2025-02-17 14:00:00+01:00,58
2025-02-17 14:30:00+01:00,59
2025-02-17 15:00:00+01:00,66
2025-02-17 15:30:00+01:00,82
2025-02-17 16:00:00+01:00,134
2025-02-17 16:30:00+01:00,82
2025-02-17 17:00:00+01:00,104
2025-02-17 17:30:00+01:00,108
2025-02-18 08:00:00+01:00,47
2025-02-18 08:30:00+01:00,44
2025-02-18 09:00:00+01:00,50
2025-02-18 09:30:00+01:00,44
2025-02-18 10:00:00+01:00,80
2025-02-18 10:30:00+01:00,85
2025-02-18 11:00:00+01:00,71
2025-02-18 11:30:00+01:00,68
2025-02-18 12:00:00+01:00,58
2025-02-18 12:30:00+01:00,50
2025-02-18 13:00:00+01:00,40
2025-02-18 13:30:00+01:00,42
2025-02-18 14:00:00+01:00,45
2025-02-18 14:30:00+01:00,49
2025-02-18 15:00:00+01:00,51
2025-02-18 15:30:00+01:00,52
2025-02-18 16:00:00+01:00,64
2025-02-18 16:30:00+01:00,80
2025-02-18 17:00:00+01:00,67
2025-02-18 17:30:00+01:00,69
2025-02-19 08:00:00+01:00,37
2025-02-19 08:30:00+01:00,40
2025-02-19 09:00:00+01:00,28
2025-02-19 09:30:00+01:00,33
2025-02-19 10:00:00+01:00,61
2025-02-19 10:30:00+01:00,55
2025-02-19 11:00:00+01:00,46
2025-02-19 11:30:00+01:00,58
2025-02-19 12:00:00+01:00,34
2025-02-19 12:30:00+01:00,41
2025-02-19 13:00:00+01:00,30
2025-02-19 13:30:00+01:00,36
2025-02-19 14:00:00+01:00,28
2025-02-19 14:30:00+01:00,30
2025-02-19 15:00:00+01:00,39
2025-02-19 15:30:00+01:00,31
2025-02-19 16:00:00+01:00,57
2025-02-19 16:30:00+01:00,55
2025-02-19 17:00:00+01:00,58
2025-02-19 17:30:00+01:00,50
2025-02-20 08:00:00+01:00,41
2025-02-20 08:30:00+01:00,41
2025-02-20 09:00:00+01:00,42
2025-02-20 09:30:00+01:00,40
2025-02-20 10:00:00+01:00,86
2025-02-20 10:30:00+01:00,69
2025-02-20 11:00:00+01:00,77
2025-02-20 11:30:00+01:00,61
2025-02-20 12:00:00+01:00,51
2025-02-20 12:30:00+01:00,54
2025-02-20 13:00:00+01:00,40
2025-02-20 13:30:00+01:00,46
2025-02-20 14:00:00+01:00,34
2025-02-20 14:30:00+01:00,39
2025-02-20 15:00:00+01:00,65
2025-02-20 15:30:00+01:00,48
2025-02-20 16:00:00+01:00,64
2025-02-20 16:30:00+01:00,86
2025-02-20 17:00:00+01:00,71
2025-02-20 17:30:00+01:00,97
2025-02-21 08:00:00+01:00,64
2025-02-21 08:30:00+01:00,58
2025-02-21 09:00:00+01:00,46
2025-02-21 09:30:00+01:00,56
2025-02-21 10:00:00+01:00,102
2025-02-21 10:30:00+01:00,93
2025-02-21 11:00:00+01:00,86
2025-02-21 11:30:00+01:00,86
2025-02-21 12:00:00+01:00,74
2025-02-21 12:30:00+01:00,65
2025-02-21 13:00:00+01:00,54
2025-02-21 13:30:00+01:00,61
2025-02-21 14:00:00+01:00,62
2025-02-21 14:30:00+01:00,65
2025-02-21 15:00:00+01:00,64
2025-02-21 15:30:00+01:00,57
2025-02-21 16:00:00+01:00,72
2025-02-21 16:30:00+01:00,102
2025-02-21 17:00:00+01:00,94
2025-02-21 17:30:00+01:00,91
2025-02-22 09:00:00+01:00,26
2025-02-22 09:30:00+01:00,28
2025-02-22 10:00:00+01:00,44
2025-02-22 10:30:00+01:00,44
2025-02-22 11:00:00+01:00,38
2025-02-22 11:30:00+01:00,50
2025-02-22 12:00:00+01:00,38
2025-02-22 12:30:00+01:00,24
2025-02-24 08:00:00+01:00,57
2025-02-24 08:30:00+01:00,61
2025-02-24 09:00:00+01:00,54
2025-02-24 09:30:00+01:00,64
2025-02-24 10:00:00+01:00,108
2025-02-24 10:30:00+01:00,91
2025-02-24 11:00:00+01:00,99
2025-02-24 11:30:00+01:00,97
2025-02-24 12:00:00+01:00,75
2025-02-24 12:30:00+01:00,71
2025-02-24 13:00:00+01:00,50
2025-02-24 13:30:00+01:00,58
2025-02-24 14:00:00+01:00,60
2025-02-24 14:30:00+01:00,54
2025-02-24 15:00:00+01:00,72
2025-02-24 15:30:00+01:00,68
2025-02-24 16:00:00+01:00,98
2025-02-24 16:30:00+01:00,81
2025-02-24 17:00:00+01:00,99
2025-02-24 17:30:00+01:00,106
2025-02-25 08:00:00+01:00,54
2025-02-25 08:30:00+01:00,51
2025-02-25 09:00:00+01:00,51
2025-02-25 09:30:00+01:00,44
2025-02-25 10:00:00+01:00,75
2025-02-25 10:30:00+01:00,72
2025-02-25 11:00:00+01:00,88
2025-02-25 11:30:00+01:00,70
2025-02-25 12:00:00+01:00,71
2025-02-25 12:30:00+01:00,50
2025-02-25 13:00:00+01:00,47
2025-02-25 13:30:00+01:00,42
2025-02-25 14:00:00+01:00,49
2025-02-25 14:30:00+01:00,36
2025-02-25 15:00:00+01:00,46
2025-02-25 15:30:00+01:00,55
2025-02-25 16:00:00+01:00,84
2025-02-25 16:30:00+01:00,68
2025-02-25 17:00:00+01:00,66
2025-02-25 17:30:00+01:00,65
2025-02-26 08:00:00+01:00,35
2025-02-26 08:30:00+01:00,31
2025-02-26 09:00:00+01:00,37
2025-02-26 09:30:00+01:00,39
2025-02-26 10:00:00+01:00,50
2025-02-26 10:30:00+01:00,50
2025-02-26 11:00:00+01:00,54
2025-02-26 11:30:00+01:00,57
2025-02-26 12:00:00+01:00,37
2025-02-26 12:30:00+01:00,34
2025-02-26 13:00:00+01:00,34
2025-02-26 13:30:00+01:00,31
2025-02-26 14:00:00+01:00,37
2025-02-26 14:30:00+01:00,27
2025-02-26 15:00:00+01:00,36
2025-02-26 15:30:00+01:00,40
2025-02-26 16:00:00+01:00,43
2025-02-26 16:30:00+01:00,55
2025-02-26 17:00:00+01:00,53
2025-02-26 17:30:00+01:00,46
2025-02-27 08:00:00+01:00,43
2025-02-27 08:30:00+01:00,53
2025-02-27 09:00:00+01:00,49
2025-02-27 09:30:00+01:00,51
2025-02-27 10:00:00+01:00,83
2025-02-27 10:30:00+01:00,67
2025-02-27 11:00:00+01:00,65
2025-02-27 11:30:00+01:00,62
2025-02-27 12:00:00+01:00,59
2025-02-27 12:30:00+01:00,50
2025-02-27 13:00:00+01:00,36
2025-02-27 13:30:00+01:00,43
2025-02-27 14:00:00+01:00,44
2025-02-27 14:30:00+01:00,52
2025-02-27 15:00:00+01:00,61
2025-02-27 15:30:00+01:00,61
2025-02-27 16:00:00+01:00,92
2025-02-27 16:30:00+01:00,74
2025-02-27 17:00:00+01:00,64
2025-02-27 17:30:00+01:00,83
2025-02-28 08:00:00+01:00,55
2025-02-28 08:30:00+01:00,61
2025-02-28 09:00:00+01:00,58
2025-02-28 09:30:00+01:00,56
2025-02-28 10:00:00+01:00,89
2025-02-28 10:30:00+01:00,97
2025-02-28 11:00:00+01:00,80
2025-02-28 11:30:00+01:00,100
2025-02-28 12:00:00+01:00,61
2025-02-28 12:30:00+01:00,68
2025-02-28 13:00:00+01:00,60
2025-02-28 13:30:00+01:00,61
2025-02-28 14:00:00+01:00,46
2025-02-28 14:30:00+01:00,58
2025-02-28 15:00:00+01:00,70
2025-02-28 15:30:00+01:00,62
2025-02-28 16:00:00+01:00,103
2025-02-28 16:30:00+01:00,102
2025-02-28 17:00:00+01:00,126
2025-02-28 17:30:00+01:00,76
2025-03-01 09:00:00+01:00,29
2025-03-01 09:30:00+01:00,29
2025-03-01 10:00:00+01:00,39
2025-03-01 10:30:00+01:00,30
2025-03-01 11:00:00+01:00,45
2025-03-01 11:30:00+01:00,36
2025-03-01 12:00:00+01:00,23
2025-03-01 12:30:00+01:00,27
2025-03-03 08:00:00+01:00,53
2025-03-03 08:30:00+01:00,53
2025-03-03 09:00:00+01:00,51
2025-03-03 09:30:00+01:00,51
2025-03-03 10:00:00+01:00,91
2025-03-03 10:30:00+01:00,76
2025-03-03 11:00:00+01:00,88
2025-03-03 11:30:00+01:00,80
2025-03-03 12:00:00+01:00,48
2025-03-03 12:30:00+01:00,71
2025-03-03 13:00:00+01:00,57
2025-03-03 13:30:00+01:00,57
2025-03-03 14:00:00+01:00,53
2025-03-03 14:30:00+01:00,48
2025-03-03 15:00:00+01:00,64
2025-03-03 15:30:00+01:00,55
2025-03-03 16:00:00+01:00,108
2025-03-03 16:30:00+01:00,90
2025-03-03 17:00:00+01:00,78
2025-03-03 17:30:00+01:00,79
2025-03-04 08:00:00+01:00,41
2025-03-04 08:30:00+01:00,37
2025-03-04 09:00:00+01:00,37
2025-03-04 09:30:00+01:00,40
2025-03-04 10:00:00+01:00,67
2025-03-04 10:30:00+01:00,56
2025-03-04 11:00:00+01:00,73
2025-03-04 11:30:00+01:00,62
2025-03-04 12:00:00+01:00,45
2025-03-04 12:30:00+01:00,41
2025-03-04 13:00:00+01:00,48
2025-03-04 13:30:00+01:00,42
2025-03-04 14:00:00+01:00,45
2025-03-04 14:30:00+01:00,33
2025-03-04 15:00:00+01:00,53
2025-03-04 15:30:00+01:00,47
2025-03-04 16:00:00+01:00,80
2025-03-04 16:30:00+01:00,59
2025-03-04 17:00:00+01:00,85
2025-03-04 17:30:00+01:00,68
2025-03-05 08:00:00+01:00,25
2025-03-05 08:30:00+01:00,31
2025-03-05 09:00:00+01:00,30
2025-03-05 09:30:00+01:00,31
2025-03-05 10:00:00+01:00,45
2025-03-05 10:30:00+01:00,51
2025-03-05 11:00:00+01:00,48
2025-03-05 11:30:00+01:00,51
2025-03-05 12:00:00+01:00,33
2025-03-05 12:30:00+01:00,32
2025-03-05 13:00:00+01:00,25
2025-03-05 13:30:00+01:00,28
2025-03-05 14:00:00+01:00,27
2025-03-05 14:30:00+01:00,24
2025-03-05 15:00:00+01:00,31
2025-03-05 15:30:00+01:00,40
2025-03-05 16:00:00+01:00,50
2025-03-05 16:30:00+01:00,46
2025-03-05 17:00:00+01:00,50
2025-03-05 17:30:00+01:00,40
2025-03-06 08:00:00+01:00,35
2025-03-06 08:30:00+01:00,40
2025-03-06 09:00:00+01:00,36
2025-03-06 09:30:00+01:00,34
2025-03-06 10:00:00+01:00,81
2025-03-06 10:30:00+01:00,58
2025-03-06 11:00:00+01:00,74
2025-03-06 11:30:00+01:00,65
2025-03-06 12:00:00+01:00,48
2025-03-06 12:30:00+01:00,45
2025-03-06 13:00:00+01:00,45
2025-03-06 13:30:00+01:00,37
2025-03-06 14:00:00+01:00,31
2025-03-06 14:30:00+01:00,33
2025-03-06 15:00:00+01:00,42
2025-03-06 15:30:00+01:00,48
2025-03-06 16:00:00+01:00,63
2025-03-06 16:30:00+01:00,67
2025-03-06 17:00:00+01:00,68
2025-03-06 17:30:00+01:00,73
2025-03-07 08:00:00+01:00,45
2025-03-07 08:30:00+01:00,46
2025-03-07 09:00:00+01:00,53
2025-03-07 09:30:00+01:00,49
2025-03-07 10:00:00+01:00,77
2025-03-07 10:30:00+01:00,95
2025-03-07 11:00:00+01:00,89
2025-03-07 11:30:00+01:00,92
2025-03-07 12:00:00+01:00,72
2025-03-07 12:30:00+01:00,61
2025-03-07 13:00:00+01:00,54
2025-03-07 13:30:00+01:00,56
2025-03-07 14:00:00+01:00,49
2025-03-07 14:30:00+01:00,53
2025-03-07 15:00:00+01:00,58
2025-03-07 15:30:00+01:00,63
2025-03-07 16:00:00+01:00,73
2025-03-07 16:30:00+01:00,83
2025-03-07 17:00:00+01:00,91
2025-03-07 17:30:00+01:00,91
2025-03-08 09:00:00+01:00,22
2025-03-08 09:30:00+01:00,26
2025-03-08 10:00:00+01:00,41
2025-03-08 10:30:00+01:00,44
2025-03-08 11:00:00+01:00,41
2025-03-08 11:30:00+01:00,43
2025-03-08 12:00:00+01:00,21
2025-03-08 12:30:00+01:00,33
2025-03-10 08:00:00+01:00,47
2025-03-10 08:30:00+01:00,57
2025-03-10 09:00:00+01:00,53
2025-03-10 09:30:00+01:00,47
2025-03-10 10:00:00+01:00,72
2025-03-10 10:30:00+01:00,81
2025-03-10 11:00:00+01:00,82
2025-03-10 11:30:00+01:00,99
2025-03-10 12:00:00+01:00,79
2025-03-10 12:30:00+01:00,49
2025-03-10 13:00:00+01:00,38
2025-03-10 13:30:00+01:00,44
2025-03-10 14:00:00+01:00,48
2025-03-10 14:30:00+01:00,46
2025-03-10 15:00:00+01:00,56
2025-03-10 15:30:00+01:00,49
2025-03-10 16:00:00+01:00,78
2025-03-10 16:30:00+01:00,98
2025-03-10 17:00:00+01:00,88
2025-03-10 17:30:00+01:00,83
2025-03-11 08:00:00+01:00,44
2025-03-11 08:30:00+01:00,41
2025-03-11 09:00:00+01:00,52
2025-03-11 09:30:00+01:00,36
2025-03-11 10:00:00+01:00,66
2025-03-11 10:30:00+01:00,76
2025-03-11 11:00:00+01:00,66
2025-03-11 11:30:00+01:00,75
2025-03-11 12:00:00+01:00,47
2025-03-11 12:30:00+01:00,43
2025-03-11 13:00:00+01:00,35
2025-03-11 13:30:00+01:00,40
2025-03-11 14:00:00+01:00,33
2025-03-11 14:30:00+01:00,41
2025-03-11 15:00:00+01:00,65
2025-03-11 15:30:00+01:00,45
2025-03-11 16:00:00+01:00,63
2025-03-11 16:30:00+01:00,82
2025-03-11 17:00:00+01:00,63
2025-03-11 17:30:00+01:00,60
2025-03-12 08:00:00+01:00,32
2025-03-12 08:30:00+01:00,24
2025-03-12 09:00:00+01:00,30
2025-03-12 09:30:00+01:00,29
2025-03-12 10:00:00+01:00,45
2025-03-12 10:30:00+01:00,42
2025-03-12 11:00:00+01:00,41
2025-03-12 11:30:00+01:00,39
2025-03-12 12:00:00+01:00,34
2025-03-12 12:30:00+01:00,23
2025-03-12 13:00:00+01:00,30
2025-03-12 13:30:00+01:00,28
2025-03-12 14:00:00+01:00,27
2025-03-12 14:30:00+01:00,22
2025-03-12 15:00:00+01:00,29
2025-03-12 15:30:00+01:00,34
2025-03-12 16:00:00+01:00,59
2025-03-12 16:30:00+01:00,48
2025-03-12 17:00:00+01:00,45
2025-03-12 17:30:00+01:00,42
2025-03-13 08:00:00+01:00,48
2025-03-13 08:30:00+01:00,42
2025-03-13 09:00:00+01:00,37
2025-03-13 09:30:00+01:00,43
2025-03-13 10:00:00+01:00,61
2025-03-13 10:30:00+01:00,59
2025-03-13 11:00:00+01:00,70
2025-03-13 11:30:00+01:00,89
2025-03-13 12:00:00+01:00,48
2025-03-13 12:30:00+01:00,57
2025-03-13 13:00:00+01:00,35
2025-03-13 13:30:00+01:00,37
2025-03-13 14:00:00+01:00,42
2025-03-13 14:30:00+01:00,32
2025-03-13 15:00:00+01:00,51
2025-03-13 15:30:00+01:00,50
2025-03-13 16:00:00+01:00,60
2025-03-13 16:30:00+01:00,55
2025-03-13 17:00:00+01:00,65
2025-03-13 17:30:00+01:00,82
2025-03-14 08:00:00+01:00,46
2025-03-14 08:30:00+01:00,61
2025-03-14 09:00:00+01:00,74
2025-03-14 09:30:00+01:00,56
2025-03-14 10:00:00+01:00,79
2025-03-14 10:30:00+01:00,105
2025-03-14 11:00:00+01:00,94
2025-03-14 11:30:00+01:00,106
2025-03-14 12:00:00+01:00,69
2025-03-14 12:30:00+01:00,62
2025-03-14 13:00:00+01:00,36
2025-03-14 13:30:00+01:00,62
2025-03-14 14:00:00+01:00,54
2025-03-14 14:30:00+01:00,67
2025-03-14 15:00:00+01:00,60
2025-03-14 15:30:00+01:00,49
2025-03-14 16:00:00+01:00,105
2025-03-14 16:30:00+01:00,86
2025-03-14 17:00:00+01:00,87
2025-03-14 17:30:00+01:00,88
2025-03-15 09:00:00+01:00,23
2025-03-15 09:30:00+01:00,27
2025-03-15 10:00:00+01:00,38
2025-03-15 10:30:00+01:00,30
2025-03-15 11:00:00+01:00,35
2025-03-15 11:30:00+01:00,46
2025-03-15 12:00:00+01:00,29
2025-03-15 12:30:00+01:00,29
2025-03-17 08:00:00+01:00,48
2025-03-17 08:30:00+01:00,56
2025-03-17 09:00:00+01:00,63
2025-03-17 09:30:00+01:00,52
2025-03-17 10:00:00+01:00,88
2025-03-17 10:30:00+01:00,82
2025-03-17 11:00:00+01:00,106
2025-03-17 11:30:00+01:00,87
2025-03-17 12:00:00+01:00,52
2025-03-17 12:30:00+01:00,71
2025-03-17 13:00:00+01:00,39
2025-03-17 13:30:00+01:00,48
2025-03-17 14:00:00+01:00,47
2025-03-17 14:30:00+01:00,50
2025-03-17 15:00:00+01:00,51
2025-03-17 15:30:00+01:00,72
2025-03-17 16:00:00+01:00,105
2025-03-17 16:30:00+01:00,73
2025-03-17 17:00:00+01:00,87
2025-03-17 17:30:00+01:00,90
2025-03-18 08:00:00+01:00,38
2025-03-18 08:30:00+01:00,39
2025-03-18 09:00:00+01:00,36
2025-03-18 09:30:00+01:00,44
2025-03-18 10:00:00+01:00,70
2025-03-18 10:30:00+01:00,78
2025-03-18 11:00:00+01:00,70
2025-03-18 11:30:00+01:00,71
2025-03-18 12:00:00+01:00,55
2025-03-18 12:30:00+01:00,55
2025-03-18 13:00:00+01:00,34
2025-03-18 13:30:00+01:00,42
2025-03-18 14:00:00+01:00,39
2025-03-18 14:30:00+01:00,32
2025-03-18 15:00:00+01:00,44
2025-03-18 15:30:00+01:00,45
2025-03-18 16:00:00+01:00,57
2025-03-18 16:30:00+01:00,68
2025-03-18 17:00:00+01:00,62
2025-03-18 17:30:00+01:00,72
2025-03-19 08:00:00+01:00,27
2025-03-19 08:30:00+01:00,31
2025-03-19 09:00:00+01:00,26
2025-03-19 09:30:00+01:00,30
2025-03-19 10:00:00+01:00,42
2025-03-19 10:30:00+01:00,45
2025-03-19 11:00:00+01:00,56
2025-03-19 11:30:00+01:00,41
2025-03-19 12:00:00+01:00,32
2025-03-19 12:30:00+01:00,32
2025-03-19 13:00:00+01:00,22
2025-03-19 13:30:00+01:00,27
2025-03-19 14:00:00+01:00,29
2025-03-19 14:30:00+01:00,33
2025-03-19 15:00:00+01:00,32
2025-03-19 15:30:00+01:00,28
2025-03-19 16:00:00+01:00,64
2025-03-19 16:30:00+01:00,46
2025-03-19 17:00:00+01:00,49
2025-03-19 17:30:00+01:00,40
2025-03-20 08:00:00+01:00,38
2025-03-20 08:30:00+01:00,33
2025-03-20 09:00:00+01:00,27
2025-03-20 09:30:00+01:00,45
2025-03-20 10:00:00+01:00,66
2025-03-20 10:30:00+01:00,69
2025-03-20 11:00:00+01:00,64
2025-03-20 11:30:00+01:00,81
2025-03-20 12:00:00+01:00,53
2025-03-20 12:30:00+01:00,50
2025-03-20 13:00:00+01:00,37
2025-03-20 13:30:00+01:00,32
2025-03-20 14:00:00+01:00,28
2025-03-20 14:30:00+01:00,44
2025-03-20 15:00:00+01:00,60
2025-03-20 15:30:00+01:00,35
2025-03-20 16:00:00+01:00,54
2025-03-20 16:30:00+01:00,61
2025-03-20 17:00:00+01:00,71
2025-03-20 17:30:00+01:00,61
2025-03-21 08:00:00+01:00,49
2025-03-21 08:30:00+01:00,42
2025-03-21 09:00:00+01:00,49
2025-03-21 09:30:00+01:00,65
2025-03-21 10:00:00+01:00,91
2025-03-21 10:30:00+01:00,77
2025-03-21 11:00:00+01:00,74
2025-03-21 11:30:00+01:00,80
2025-03-21 12:00:00+01:00,61
2025-03-21 12:30:00+01:00,59
2025-03-21 13:00:00+01:00,56
2025-03-21 13:30:00+01:00,49
2025-03-21 14:00:00+01:00,47
2025-03-21 14:30:00+01:00,44
2025-03-21 15:00:00+01:00,69
2025-03-21 15:30:00+01:00,67
2025-03-21 16:00:00+01:00,82
2025-03-21 16:30:00+01:00,106
2025-03-21 17:00:00+01:00,100
2025-03-21 17:30:00+01:00,99
2025-03-22 09:00:00+01:00,23
2025-03-22 09:30:00+01:00,26
2025-03-22 10:00:00+01:00,46
2025-03-22 10:30:00+01:00,38
2025-03-22 11:00:00+01:00,41
2025-03-22 11:30:00+01:00,41
2025-03-22 12:00:00+01:00,28
2025-03-22 12:30:00+01:00,31
2025-03-24 08:00:00+01:00,52
2025-03-24 08:30:00+01:00,50
2025-03-24 09:00:00+01:00,51
2025-03-24 09:30:00+01:00,48
2025-03-24 10:00:00+01:00,92
2025-03-24 10:30:00+01:00,91
2025-03-24 11:00:00+01:00,93
2025-03-24 11:30:00+01:00,89
2025-03-24 12:00:00+01:00,74
2025-03-24 12:30:00+01:00,68
2025-03-24 13:00:00+01:00,43
2025-03-24 13:30:00+01:00,46
2025-03-24 14:00:00+01:00,54
2025-03-24 14:30:00+01:00,59
2025-03-24 15:00:00+01:00,61
2025-03-24 15:30:00+01:00,53
2025-03-24 16:00:00+01:00,87
2025-03-24 16:30:00+01:00,113
2025-03-24 17:00:00+01:00,94
2025-03-24 17:30:00+01:00,90
2025-03-25 08:00:00+01:00,36
2025-03-25 08:30:00+01:00,44
2025-03-25 09:00:00+01:00,35
2025-03-25 09:30:00+01:00,42
2025-03-25 10:00:00+01:00,52
2025-03-25 10:30:00+01:00,66
2025-03-25 11:00:00+01:00,67
2025-03-25 11:30:00+01:00,59
2025-03-25 12:00:00+01:00,47
2025-03-25 12:30:00+01:00,44
2025-03-25 13:00:00+01:00,35
2025-03-25 13:30:00+01:00,43
2025-03-25 14:00:00+01:00,32
2025-03-25 14:30:00+01:00,41
2025-03-25 15:00:00+01:00,45
2025-03-25 15:30:00+01:00,53
2025-03-25 16:00:00+01:00,61
2025-03-25 16:30:00+01:00,69
2025-03-25 17:00:00+01:00,67
2025-03-25 17:30:00+01:00,68
2025-03-26 08:00:00+01:00,27
2025-03-26 08:30:00+01:00,28
2025-03-26 09:00:00+01:00,26
2025-03-26 09:30:00+01:00,25
2025-03-26 10:00:00+01:00,44
2025-03-26 10:30:00+01:00,49
2025-03-26 11:00:00+01:00,56
2025-03-26 11:30:00+01:00,48
2025-03-26 12:00:00+01:00,41
2025-03-26 12:30:00+01:00,29
2025-03-26 13:00:00+01:00,31
2025-03-26 13:30:00+01:00,29
2025-03-26 14:00:00+01:00,37
2025-03-26 14:30:00+01:00,28
2025-03-26 15:00:00+01:00,31
2025-03-26 15:30:00+01:00,34
2025-03-26 16:00:00+01:00,42
2025-03-26 16:30:00+01:00,45
2025-03-26 17:00:00+01:00,37
2025-03-26 17:30:00+01:00,46
2025-03-27 08:00:00+01:00,40
2025-03-27 08:30:00+01:00,47
2025-03-27 09:00:00+01:00,43
2025-03-27 09:30:00+01:00,48
2025-03-27 10:00:00+01:00,58
2025-03-27 10:30:00+01:00,61
2025-03-27 11:00:00+01:00,59
2025-03-27 11:30:00+01:00,66
2025-03-27 12:00:00+01:00,35
2025-03-27 12:30:00+01:00,39
2025-03-27 13:00:00+01:00,42
2025-03-27 13:30:00+01:00,42
2025-03-27 14:00:00+01:00,30
2025-03-27 14:30:00+01:00,38
2025-03-27 15:00:00+01:00,54
2025-03-27 15:30:00+01:00,46
2025-03-27 16:00:00+01:00,56
2025-03-27 16:30:00+01:00,70
2025-03-27 17:00:00+01:00,68
2025-03-27 17:30:00+01:00,69
2025-03-28 08:00:00+01:00,50
2025-03-28 08:30:00+01:00,45
2025-03-28 09:00:00+01:00,51
2025-03-28 09:30:00+01:00,52
2025-03-28 10:00:00+01:00,83
2025-03-28 10:30:00+01:00,91
2025-03-28 11:00:00+01:00,90
2025-03-28 11:30:00+01:00,97
2025-03-28 12:00:00+01:00,77
2025-03-28 12:30:00+01:00,54
2025-03-28 13:00:00+01:00,46
2025-03-28 13:30:00+01:00,49
2025-03-28 14:00:00+01:00,49
2025-03-28 14:30:00+01:00,56
2025-03-28 15:00:00+01:00,70
2025-03-28 15:30:00+01:00,67
2025-03-28 16:00:00+01:00,78
2025-03-28 16:30:00+01:00,99
2025-03-28 17:00:00+01:00,93
2025-03-28 17:30:00+01:00,84
2025-03-29 09:00:00+01:00,24
2025-03-29 09:30:00+01:00,24
2025-03-29 10:00:00+01:00,40
2025-03-29 10:30:00+01:00,35
2025-03-29 11:00:00+01:00,38
2025-03-29 11:30:00+01:00,38
2025-03-29 12:00:00+01:00,28
2025-03-29 12:30:00+01:00,28
2025-03-31 08:00:00+02:00,51
2025-03-31 08:30:00+02:00,48
2025-03-31 09:00:00+02:00,46
2025-03-31 09:30:00+02:00,56
2025-03-31 10:00:00+02:00,95
2025-03-31 10:30:00+02:00,80
2025-03-31 11:00:00+02:00,94
2025-03-31 11:30:00+02:00,99
2025-03-31 12:00:00+02:00,71
2025-03-31 12:30:00+02:00,67
2025-03-31 13:00:00+02:00,54
2025-03-31 13:30:00+02:00,50
2025-03-31 14:00:00+02:00,51
2025-03-31 14:30:00+02:00,46
2025-03-31 15:00:00+02:00,58
2025-03-31 15:30:00+02:00,69
2025-03-31 16:00:00+02:00,70
2025-03-31 16:30:00+02:00,90
2025-03-31 17:00:00+02:00,81
2025-03-31 17:30:00+02:00,111
2025-04-01 08:00:00+02:00,31
2025-04-01 08:30:00+02:00,27
2025-04-01 09:00:00+02:00,37
2025-04-01 09:30:00+02:00,32
2025-04-01 10:00:00+02:00,61
2025-04-01 10:30:00+02:00,61
2025-04-01 11:00:00+02:00,53
2025-04-01 11:30:00+02:00,68
2025-04-01 12:00:00+02:00,45
2025-04-01 12:30:00+02:00,41
2025-04-01 13:00:00+02:00,34
2025-04-01 13:30:00+02:00,36
2025-04-01 14:00:00+02:00,34
2025-04-01 14:30:00+02:00,34
2025-04-01 15:00:00+02:00,40
2025-04-01 15:30:00+02:00,46
2025-04-01 16:00:00+02:00,52
2025-04-01 16:30:00+02:00,66
2025-04-01 17:00:00+02:00,64
2025-04-01 17:30:00+02:00,60
2025-04-02 08:00:00+02:00,27
2025-04-02 08:30:00+02:00,18
2025-04-02 09:00:00+02:00,29
2025-04-02 09:30:00+02:00,26
2025-04-02 10:00:00+02:00,41
2025-04-02 10:30:00+02:00,46
2025-04-02 11:00:00+02:00,48
2025-04-02 11:30:00+02:00,45
2025-04-02 12:00:00+02:00,28
2025-04-02 12:30:00+02:00,28
2025-04-02 13:00:00+02:00,23
2025-04-02 13:30:00+02:00,21
2025-04-02 14:00:00+02:00,21
2025-04-02 14:30:00+02:00,25
2025-04-02 15:00:00+02:00,37
2025-04-02 15:30:00+02:00,27
2025-04-02 16:00:00+02:00,41
2025-04-02 16:30:00+02:00,43
2025-04-02 17:00:00+02:00,44
2025-04-02 17:30:00+02:00,37
2025-04-03 08:00:00+02:00,31
2025-04-03 08:30:00+02:00,40
2025-04-03 09:00:00+02:00,37
2025-04-03 09:30:00+02:00,29
2025-04-03 10:00:00+02:00,53
2025-04-03 10:30:00+02:00,68
2025-04-03 11:00:00+02:00,63
2025-04-03 11:30:00+02:00,45
2025-04-03 12:00:00+02:00,37
2025-04-03 12:30:00+02:00,43
2025-04-03 13:00:00+02:00,31
2025-04-03 13:30:00+02:00,33
2025-04-03 14:00:00+02:00,30
2025-04-03 14:30:00+02:00,38
2025-04-03 15:00:00+02:00,43
2025-04-03 15:30:00+02:00,37
2025-04-03 16:00:00+02:00,65
2025-04-03 16:30:00+02:00,67
2025-04-03 17:00:00+02:00,53
2025-04-03 17:30:00+02:00,70
2025-04-04 08:00:00+02:00,50
2025-04-04 08:30:00+02:00,65
2025-04-04 09:00:00+02:00,44
2025-04-04 09:30:00+02:00,55
2025-04-04 10:00:00+02:00,71
2025-04-04 10:30:00+02:00,74
2025-04-04 11:00:00+02:00,82
2025-04-04 11:30:00+02:00,84
2025-04-04 12:00:00+02:00,56
2025-04-04 12:30:00+02:00,57
2025-04-04 13:00:00+02:00,38
2025-04-04 13:30:00+02:00,47
2025-04-04 14:00:00+02:00,55
2025-04-04 14:30:00+02:00,39
2025-04-04 15:00:00+02:00,52
2025-04-04 15:30:00+02:00,54
2025-04-04 16:00:00+02:00,78
2025-04-04 16:30:00+02:00,85
2025-04-04 17:00:00+02:00,67
2025-04-04 17:30:00+02:00,65
2025-04-05 09:00:00+02:00,21
2025-04-05 09:30:00+02:00,23
2025-04-05 10:00:00+02:00,32
2025-04-05 10:30:00+02:00,31
2025-04-05 11:00:00+02:00,34
2025-04-05 11:30:00+02:00,47
2025-04-05 12:00:00+02:00,24
2025-04-05 12:30:00+02:00,24
2025-04-07 08:00:00+02:00,56
2025-04-07 08:30:00+02:00,43
2025-04-07 09:00:00+02:00,50
2025-04-07 09:30:00+02:00,48
2025-04-07 10:00:00+02:00,88
2025-04-07 10:30:00+02:00,77
2025-04-07 11:00:00+02:00,84
2025-04-07 11:30:00+02:00,69
2025-04-07 12:00:00+02:00,48
2025-04-07 12:30:00+02:00,54
2025-04-07 13:00:00+02:00,45
2025-04-07 13:30:00+02:00,43
2025-04-07 14:00:00+02:00,41
2025-04-07 14:30:00+02:00,51
2025-04-07 15:00:00+02:00,49
2025-04-07 15:30:00+02:00,52
2025-04-07 16:00:00+02:00,85
2025-04-07 16:30:00+02:00,96
2025-04-07 17:00:00+02:00,78
2025-04-07 17:30:00+02:00,87
2025-04-08 08:00:00+02:00,32
2025-04-08 08:30:00+02:00,33
2025-04-08 09:00:00+02:00,40
2025-04-08 09:30:00+02:00,39
2025-04-08 10:00:00+02:00,59
2025-04-08 10:30:00+02:00,48
2025-04-08 11:00:00+02:00,63
2025-04-08 11:30:00+02:00,56
2025-04-08 12:00:00+02:00,33
2025-04-08 12:30:00+02:00,40
2025-04-08 13:00:00+02:00,36
2025-04-08 13:30:00+02:00,35
2025-04-08 14:00:00+02:00,37
2025-04-08 14:30:00+02:00,33
2025-04-08 15:00:00+02:00,40
2025-04-08 15:30:00+02:00,54
2025-04-08 16:00:00+02:00,49
2025-04-08 16:30:00+02:00,63
2025-04-08 17:00:00+02:00,68
2025-04-08 17:30:00+02:00,67
2025-04-09 08:00:00+02:00,27
2025-04-09 08:30:00+02:00,28
2025-04-09 09:00:00+02:00,25
2025-04-09 09:30:00+02:00,25
2025-04-09 10:00:00+02:00,46
2025-04-09 10:30:00+02:00,38
2025-04-09 11:00:00+02:00,50
2025-04-09 11:30:00+02:00,52
2025-04-09 12:00:00+02:00,26
2025-04-09 12:30:00+02:00,33
2025-04-09 13:00:00+02:00,21
2025-04-09 13:30:00+02:00,26
2025-04-09 14:00:00+02:00,27
2025-04-09 14:30:00+02:00,23
2025-04-09 15:00:00+02:00,24
2025-04-09 15:30:00+02:00,26
2025-04-09 16:00:00+02:00,40
2025-04-09 16:30:00+02:00,41
2025-04-09 17:00:00+02:00,49
2025-04-09 17:30:00+02:00,42
2025-04-10 08:00:00+02:00,43
2025-04-10 08:30:00+02:00,38
2025-04-10 09:00:00+02:00,31
2025-04-10 09:30:00+02:00,39
2025-04-10 10:00:00+02:00,59
2025-04-10 10:30:00+02:00,61
2025-04-10 11:00:00+02:00,62
2025-04-10 11:30:00+02:00,51
2025-04-10 12:00:00+02:00,59
2025-04-10 12:30:00+02:00,41
2025-04-10 13:00:00+02:00,31
2025-04-10 13:30:00+02:00,36
2025-04-10 14:00:00+02:00,30
2025-04-10 14:30:00+02:00,32
2025-04-10 15:00:00+02:00,38
2025-04-10 15:30:00+02:00,37
2025-04-10 16:00:00+02:00,57
2025-04-10 16:30:00+02:00,64
2025-04-10 17:00:00+02:00,63
2025-04-10 17:30:00+02:00,49
2025-04-11 08:00:00+02:00,49
2025-04-11 08:30:00+02:00,36
2025-04-11 09:00:00+02:00,56
2025-04-11 09:30:00+02:00,48
2025-04-11 10:00:00+02:00,73
2025-04-11 10:30:00+02:00,75
2025-04-11 11:00:00+02:00,79
2025-04-11 11:30:00+02:00,80
2025-04-11 12:00:00+02:00,60
2025-04-11 12:30:00+02:00,48
2025-04-11 13:00:00+02:00,38
2025-04-11 13:30:00+02:00,34
2025-04-11 14:00:00+02:00,43
2025-04-11 14:30:00+02:00,50
2025-04-11 15:00:00+02:00,58
2025-04-11 15:30:00+02:00,60
2025-04-11 16:00:00+02:00,85
2025-04-11 16:30:00+02:00,51
2025-04-11 17:00:00+02:00,77
2025-04-11 17:30:00+02:00,80
2025-04-12 09:00:00+02:00,19
2025-04-12 09:30:00+02:00,25
2025-04-12 10:00:00+02:00,39
2025-04-12 10:30:00+02:00,32
2025-04-12 11:00:00+02:00,38
2025-04-12 11:30:00+02:00,36
2025-04-12 12:00:00+02:00,30
2025-04-12 12:30:00+02:00,26
2025-04-14 08:00:00+02:00,57
2025-04-14 08:30:00+02:00,45
2025-04-14 09:00:00+02:00,52
2025-04-14 09:30:00+02:00,43
2025-04-14 10:00:00+02:00,95
2025-04-14 10:30:00+02:00,86
2025-04-14 11:00:00+02:00,76
2025-04-14 11:30:00+02:00,74
2025-04-14 12:00:00+02:00,56
2025-04-14 12:30:00+02:00,56
2025-04-14 13:00:00+02:00,60
2025-04-14 13:30:00+02:00,54
2025-04-14 14:00:00+02:00,45
2025-04-14 14:30:00+02:00,51
2025-04-14 15:00:00+02:00,56
2025-04-14 15:30:00+02:00,61
2025-04-14 16:00:00+02:00,65
2025-04-14 16:30:00+02:00,77
2025-04-14 17:00:00+02:00,65
2025-04-14 17:30:00+02:00,75
2025-04-15 08:00:00+02:00,29
2025-04-15 08:30:00+02:00,40
2025-04-15 09:00:00+02:00,41
2025-04-15 09:30:00+02:00,33
2025-04-15 10:00:00+02:00,67
2025-04-15 10:30:00+02:00,62
2025-04-15 11:00:00+02:00,72
2025-04-15 11:30:00+02:00,66
2025-04-15 12:00:00+02:00,51
2025-04-15 12:30:00+02:00,42
2025-04-15 13:00:00+02:00,44
2025-04-15 13:30:00+02:00,36
2025-04-15 14:00:00+02:00,36
2025-04-15 14:30:00+02:00,36
2025-04-15 15:00:00+02:00,39
2025-04-15 15:30:00+02:00,55
2025-04-15 16:00:00+02:00,56
2025-04-15 16:30:00+02:00,63
2025-04-15 17:00:00+02:00,58
2025-04-15 17:30:00+02:00,53
2025-04-16 08:00:00+02:00,27
2025-04-16 08:30:00+02:00,21
2025-04-16 09:00:00+02:00,26
2025-04-16 09:30:00+02:00,23
2025-04-16 10:00:00+02:00,44
2025-04-16 10:30:00+02:00,43
2025-04-16 11:00:00+02:00,45
2025-04-16 11:30:00+02:00,38
2025-04-16 12:00:00+02:00,31
2025-04-16 12:30:00+02:00,35
2025-04-16 13:00:00+02:00,22
2025-04-16 13:30:00+02:00,26
2025-04-16 14:00:00+02:00,24
2025-04-16 14:30:00+02:00,26
2025-04-16 15:00:00+02:00,28
2025-04-16 15:30:00+02:00,29
2025-04-16 16:00:00+02:00,47
2025-04-16 16:30:00+02:00,58
2025-04-16 17:00:00+02:00,42
2025-04-16 17:30:00+02:00,37
2025-04-17 08:00:00+02:00,36
2025-04-17 08:30:00+02:00,41
2025-04-17 09:00:00+02:00,34
2025-04-17 09:30:00+02:00,33
2025-04-17 10:00:00+02:00,57
2025-04-17 10:30:00+02:00,53
2025-04-17 11:00:00+02:00,60
2025-04-17 11:30:00+02:00,64
2025-04-17 12:00:00+02:00,35
2025-04-17 12:30:00+02:00,38
2025-04-17 13:00:00+02:00,30
2025-04-17 13:30:00+02:00,36
2025-04-17 14:00:00+02:00,39
2025-04-17 14:30:00+02:00,37
2025-04-17 15:00:00+02:00,41
2025-04-17 15:30:00+02:00,44
2025-04-17 16:00:00+02:00,50
2025-04-17 16:30:00+02:00,76
2025-04-17 17:00:00+02:00,65
2025-04-17 17:30:00+02:00,67
2025-04-18 08:00:00+02:00,50
2025-04-18 08:30:00+02:00,46
2025-04-18 09:00:00+02:00,58
2025-04-18 09:30:00+02:00,41
2025-04-18 10:00:00+02:00,79
2025-04-18 10:30:00+02:00,91
2025-04-18 11:00:00+02:00,83
2025-04-18 11:30:00+02:00,69
2025-04-18 12:00:00+02:00,54
2025-04-18 12:30:00+02:00,59
2025-04-18 13:00:00+02:00,44
2025-04-18 13:30:00+02:00,54
2025-04-18 14:00:00+02:00,47
2025-04-18 14:30:00+02:00,44
2025-04-18 15:00:00+02:00,61
2025-04-18 15:30:00+02:00,60
2025-04-18 16:00:00+02:00,73
2025-04-18 16:30:00+02:00,73
2025-04-18 17:00:00+02:00,86
2025-04-18 17:30:00+02:00,83
2025-04-19 09:00:00+02:00,21
2025-04-19 09:30:00+02:00,20
2025-04-19 10:00:00+02:00,33
2025-04-19 10:30:00+02:00,36
2025-04-19 11:00:00+02:00,37
2025-04-19 11:30:00+02:00,38
2025-04-19 12:00:00+02:00,20
2025-04-19 12:30:00+02:00,23
2025-04-21 08:00:00+02:00,56
2025-04-21 08:30:00+02:00,40
2025-04-21 09:00:00+02:00,43
2025-04-21 09:30:00+02:00,50
2025-04-21 10:00:00+02:00,97
2025-04-21 10:30:00+02:00,72
2025-04-21 11:00:00+02:00,78
2025-04-21 11:30:00+02:00,79
2025-04-21 12:00:00+02:00,55
2025-04-21 12:30:00+02:00,51
2025-04-21 13:00:00+02:00,46
2025-04-21 13:30:00+02:00,42
2025-04-21 14:00:00+02:00,45
2025-04-21 14:30:00+02:00,48
2025-04-21 15:00:00+02:00,62
2025-04-21 15:30:00+02:00,45
2025-04-21 16:00:00+02:00,100
2025-04-21 16:30:00+02:00,71
2025-04-21 17:00:00+02:00,84
2025-04-21 17:30:00+02:00,72
2025-04-22 08:00:00+02:00,43
2025-04-22 08:30:00+02:00,30
2025-04-22 09:00:00+02:00,37
2025-04-22 09:30:00+02:00,43
2025-04-22 10:00:00+02:00,58
2025-04-22 10:30:00+02:00,61
2025-04-22 11:00:00+02:00,70
2025-04-22 11:30:00+02:00,63
2025-04-22 12:00:00+02:00,40
2025-04-22 12:30:00+02:00,49
2025-04-22 13:00:00+02:00,33
2025-04-22 13:30:00+02:00,39
2025-04-22 14:00:00+02:00,31
2025-04-22 14:30:00+02:00,44
2025-04-22 15:00:00+02:00,43
2025-04-22 15:30:00+02:00,41
2025-04-22 16:00:00+02:00,50
2025-04-22 16:30:00+02:00,57
2025-04-22 17:00:00+02:00,72
2025-04-22 17:30:00+02:00,63
2025-04-23 08:00:00+02:00,28
2025-04-23 08:30:00+02:00,26
2025-04-23 09:00:00+02:00,21
2025-04-23 09:30:00+02:00,28
2025-04-23 10:00:00+02:00,40
2025-04-23 10:30:00+02:00,40
2025-04-23 11:00:00+02:00,38
2025-04-23 11:30:00+02:00,48
2025-04-23 12:00:00+02:00,28
2025-04-23 12:30:00+02:00,26
2025-04-23 13:00:00+02:00,22
2025-04-23 13:30:00+02:00,22
2025-04-23 14:00:00+02:00,25
2025-04-23 14:30:00+02:00,26
2025-04-23 15:00:00+02:00,26
2025-04-23 15:30:00+02:00,29
2025-04-23 16:00:00+02:00,51
2025-04-23 16:30:00+02:00,33
2025-04-23 17:00:00+02:00,46
2025-04-23 17:30:00+02:00,40
2025-04-24 08:00:00+02:00,45
2025-04-24 08:30:00+02:00,35
2025-04-24 09:00:00+02:00,39
2025-04-24 09:30:00+02:00,42
2025-04-24 10:00:00+02:00,55
2025-04-24 10:30:00+02:00,54
2025-04-24 11:00:00+02:00,63
2025-04-24 11:30:00+02:00,54
2025-04-24 12:00:00+02:00,44
2025-04-24 12:30:00+02:00,43
2025-04-24 13:00:00+02:00,42
2025-04-24 13:30:00+02:00,34
2025-04-24 14:00:00+02:00,40
2025-04-24 14:30:00+02:00,36
2025-04-24 15:00:00+02:00,42
2025-04-24 15:30:00+02:00,43
2025-04-24 16:00:00+02:00,50
2025-04-24 16:30:00+02:00,50
2025-04-24 17:00:00+02:00,56
2025-04-24 17:30:00+02:00,67
2025-04-25 08:00:00+02:00,52
2025-04-25 08:30:00+02:00,49
2025-04-25 09:00:00+02:00,52
2025-04-25 09:30:00+02:00,53
2025-04-25 10:00:00+02:00,78
2025-04-25 10:30:00+02:00,80
2025-04-25 11:00:00+02:00,89
2025-04-25 11:30:00+02:00,80
2025-04-25 12:00:00+02:00,53
2025-04-25 12:30:00+02:00,60
2025-04-25 13:00:00+02:00,55
2025-04-25 13:30:00+02:00,39
2025-04-25 14:00:00+02:00,39
2025-04-25 14:30:00+02:00,43
2025-04-25 15:00:00+02:00,74
2025-04-25 15:30:00+02:00,61
2025-04-25 16:00:00+02:00,80
2025-04-25 16:30:00+02:00,68
2025-04-25 17:00:00+02:00,72
2025-04-25 17:30:00+02:00,81
2025-04-26 09:00:00+02:00,24
2025-04-26 09:30:00+02:00,24
2025-04-26 10:00:00+02:00,31
2025-04-26 10:30:00+02:00,33
2025-04-26 11:00:00+02:00,34
2025-04-26 11:30:00+02:00,42
2025-04-26 12:00:00+02:00,24
2025-04-26 12:30:00+02:00,25
2025-04-28 08:00:00+02:00,49
2025-04-28 08:30:00+02:00,48
2025-04-28 09:00:00+02:00,49
2025-04-28 09:30:00+02:00,43
2025-04-28 10:00:00+02:00,80
2025-04-28 10:30:00+02:00,85
2025-04-28 11:00:00+02:00,79
2025-04-28 11:30:00+02:00,86
2025-04-28 12:00:00+02:00,60
2025-04-28 12:30:00+02:00,59
2025-04-28 13:00:00+02:00,40
2025-04-28 13:30:00+02:00,33
2025-04-28 14:00:00+02:00,41
2025-04-28 14:30:00+02:00,40
2025-04-28 15:00:00+02:00,47
2025-04-28 15:30:00+02:00,62
2025-04-28 16:00:00+02:00,82
2025-04-28 16:30:00+02:00,65
2025-04-28 17:00:00+02:00,79
2025-04-28 17:30:00+02:00,93
2025-04-29 08:00:00+02:00,36
2025-04-29 08:30:00+02:00,40
2025-04-29 09:00:00+02:00,39
2025-04-29 09:30:00+02:00,38
2025-04-29 10:00:00+02:00,53
2025-04-29 10:30:00+02:00,73
2025-04-29 11:00:00+02:00,54
2025-04-29 11:30:00+02:00,55
2025-04-29 12:00:00+02:00,50
2025-04-29 12:30:00+02:00,36
2025-04-29 13:00:00+02:00,38
2025-04-29 13:30:00+02:00,30
2025-04-29 14:00:00+02:00,36
2025-04-29 14:30:00+02:00,36
2025-04-29 15:00:00+02:00,38
2025-04-29 15:30:00+02:00,41
2025-04-29 16:00:00+02:00,65
2025-04-29 16:30:00+02:00,72
2025-04-29 17:00:00+02:00,59
2025-04-29 17:30:00+02:00,63
2025-04-30 08:00:00+02:00,25
2025-04-30 08:30:00+02:00,30
2025-04-30 09:00:00+02:00,22
2025-04-30 09:30:00+02:00,30
2025-04-30 10:00:00+02:00,48
2025-04-30 10:30:00+02:00,45
2025-04-30 11:00:00+02:00,50
2025-04-30 11:30:00+02:00,50
2025-04-30 12:00:00+02:00,27
2025-04-30 12:30:00+02:00,32
2025-04-30 13:00:00+02:00,23
2025-04-30 13:30:00+02:00,24
2025-04-30 14:00:00+02:00,24
2025-04-30 14:30:00+02:00,24
2025-04-30 15:00:00+02:00,29
2025-04-30 15:30:00+02:00,33
2025-04-30 16:00:00+02:00,42
2025-04-30 16:30:00+02:00,43
2025-04-30 17:00:00+02:00,39
2025-04-30 17:30:00+02:00,42
2025-05-01 08:00:00+02:00,33
2025-05-01 08:30:00+02:00,42
2025-05-01 09:00:00+02:00,31
2025-05-01 09:30:00+02:00,29
2025-05-01 10:00:00+02:00,69
2025-05-01 10:30:00+02:00,59
2025-05-01 11:00:00+02:00,57
2025-05-01 11:30:00+02:00,68
2025-05-01 12:00:00+02:00,46
2025-05-01 12:30:00+02:00,37
2025-05-01 13:00:00+02:00,27
2025-05-01 13:30:00+02:00,30
2025-05-01 14:00:00+02:00,34
2025-05-01 14:30:00+02:00,37
2025-05-01 15:00:00+02:00,30
2025-05-01 15:30:00+02:00,38
2025-05-01 16:00:00+02:00,45
2025-05-01 16:30:00+02:00,50
2025-05-01 17:00:00+02:00,57
2025-05-01 17:30:00+02:00,47
2025-05-02 08:00:00+02:00,53
2025-05-02 08:30:00+02:00,39
2025-05-02 09:00:00+02:00,45
2025-05-02 09:30:00+02:00,41
2025-05-02 10:00:00+02:00,76
2025-05-02 10:30:00+02:00,73
2025-05-02 11:00:00+02:00,70
2025-05-02 11:30:00+02:00,69
2025-05-02 12:00:00+02:00,57
2025-05-02 12:30:00+02:00,56
2025-05-02 13:00:00+02:00,31
2025-05-02 13:30:00+02:00,35
2025-05-02 14:00:00+02:00,40
2025-05-02 14:30:00+02:00,49
2025-05-02 15:00:00+02:00,53
2025-05-02 15:30:00+02:00,53
2025-05-02 16:00:00+02:00,71
2025-05-02 16:30:00+02:00,71
2025-05-02 17:00:00+02:00,85
2025-05-02 17:30:00+02:00,74
2025-05-03 09:00:00+02:00,19
2025-05-03 09:30:00+02:00,18
2025-05-03 10:00:00+02:00,33
2025-05-03 10:30:00+02:00,26
2025-05-03 11:00:00+02:00,32
2025-05-03 11:30:00+02:00,35
2025-05-03 12:00:00+02:00,24
2025-05-03 12:30:00+02:00,30
2025-05-05 08:00:00+02:00,38
2025-05-05 08:30:00+02:00,55
2025-05-05 09:00:00+02:00,43
2025-05-05 09:30:00+02:00,49
2025-05-05 10:00:00+02:00,71
2025-05-05 10:30:00+02:00,69
2025-05-05 11:00:00+02:00,74
2025-05-05 11:30:00+02:00,74
2025-05-05 12:00:00+02:00,46
2025-05-05 12:30:00+02:00,61
2025-05-05 13:00:00+02:00,44
2025-05-05 13:30:00+02:00,39
2025-05-05 14:00:00+02:00,42
2025-05-05 14:30:00+02:00,40
2025-05-05 15:00:00+02:00,53
2025-05-05 15:30:00+02:00,42
2025-05-05 16:00:00+02:00,72
2025-05-05 16:30:00+02:00,68
2025-05-05 17:00:00+02:00,83
2025-05-05 17:30:00+02:00,75
2025-05-06 08:00:00+02:00,32
2025-05-06 08:30:00+02:00,34
2025-05-06 09:00:00+02:00,34
2025-05-06 09:30:00+02:00,36
2025-05-06 10:00:00+02:00,57
2025-05-06 10:30:00+02:00,58
2025-05-06 11:00:00+02:00,61
2025-05-06 11:30:00+02:00,52
2025-05-06 12:00:00+02:00,40
2025-05-06 12:30:00+02:00,44
2025-05-06 13:00:00+02:00,29
2025-05-06 13:30:00+02:00,34
2025-05-06 14:00:00+02:00,30
2025-05-06 14:30:00+02:00,31
2025-05-06 15:00:00+02:00,38
2025-05-06 15:30:00+02:00,36
2025-05-06 16:00:00+02:00,50
2025-05-06 16:30:00+02:00,46
2025-05-06 17:00:00+02:00,66
2025-05-06 17:30:00+02:00,66
2025-05-07 08:00:00+02:00,26
2025-05-07 08:30:00+02:00,32
2025-05-07 09:00:00+02:00,29
2025-05-07 09:30:00+02:00,32
2025-05-07 10:00:00+02:00,31
2025-05-07 10:30:00+02:00,39
2025-05-07 11:00:00+02:00,35
2025-05-07 11:30:00+02:00,46
2025-05-07 12:00:00+02:00,39
2025-05-07 12:30:00+02:00,35
2025-05-07 13:00:00+02:00,22
2025-05-07 13:30:00+02:00,26
2025-05-07 14:00:00+02:00,20
2025-05-07 14:30:00+02:00,27
2025-05-07 15:00:00+02:00,32
2025-05-07 15:30:00+02:00,22
2025-05-07 16:00:00+02:00,43
2025-05-07 16:30:00+02:00,43
2025-05-07 17:00:00+02:00,38
2025-05-07 17:30:00+02:00,60
2025-05-08 08:00:00+02:00,39
2025-05-08 08:30:00+02:00,30
2025-05-08 09:00:00+02:00,33
2025-05-08 09:30:00+02:00,35
2025-05-08 10:00:00+02:00,46
2025-05-08 10:30:00+02:00,58
2025-05-08 11:00:00+02:00,69
2025-05-08 11:30:00+02:00,48
2025-05-08 12:00:00+02:00,44
2025-05-08 12:30:00+02:00,43
2025-05-08 13:00:00+02:00,33
2025-05-08 13:30:00+02:00,36
2025-05-08 14:00:00+02:00,26
2025-05-08 14:30:00+02:00,29
2025-05-08 15:00:00+02:00,39
2025-05-08 15:30:00+02:00,39
2025-05-08 16:00:00+02:00,55
2025-05-08 16:30:00+02:00,61
2025-05-08 17:00:00+02:00,56
2025-05-08 17:30:00+02:00,55
2025-05-09 08:00:00+02:00,41
2025-05-09 08:30:00+02:00,41
2025-05-09 09:00:00+02:00,48
2025-05-09 09:30:00+02:00,39
2025-05-09 10:00:00+02:00,75
2025-05-09 10:30:00+02:00,88
2025-05-09 11:00:00+02:00,77
2025-05-09 11:30:00+02:00,68
2025-05-09 12:00:00+02:00,64
2025-05-09 12:30:00+02:00,60
2025-05-09 13:00:00+02:00,40
2025-05-09 13:30:00+02:00,47
2025-05-09 14:00:00+02:00,49
2025-05-09 14:30:00+02:00,35
2025-05-09 15:00:00+02:00,47
2025-05-09 15:30:00+02:00,60
2025-05-09 16:00:00+02:00,84
2025-05-09 16:30:00+02:00,65
2025-05-09 17:00:00+02:00,69
2025-05-09 17:30:00+02:00,84
2025-05-10 09:00:00+02:00,19
2025-05-10 09:30:00+02:00,19
2025-05-10 10:00:00+02:00,36
2025-05-10 10:30:00+02:00,30
2025-05-10 11:00:00+02:00,33
2025-05-10 11:30:00+02:00,33
2025-05-10 12:00:00+02:00,24
2025-05-10 12:30:00+02:00,27
2025-05-12 08:00:00+02:00,46
2025-05-12 08:30:00+02:00,52
2025-05-12 09:00:00+02:00,37
2025-05-12 09:30:00+02:00,46
2025-05-12 10:00:00+02:00,61
2025-05-12 10:30:00+02:00,78
2025-05-12 11:00:00+02:00,62
2025-05-12 11:30:00+02:00,79
2025-05-12 12:00:00+02:00,40
2025-05-12 12:30:00+02:00,68
2025-05-12 13:00:00+02:00,39
2025-05-12 13:30:00+02:00,45
2025-05-12 14:00:00+02:00,47
2025-05-12 14:30:00+02:00,38
2025-05-12 15:00:00+02:00,44
2025-05-12 15:30:00+02:00,42
2025-05-12 16:00:00+02:00,86
2025-05-12 16:30:00+02:00,76
2025-05-12 17:00:00+02:00,73
2025-05-12 17:30:00+02:00,71
2025-05-13 08:00:00+02:00,35
2025-05-13 08:30:00+02:00,33
2025-05-13 09:00:00+02:00,30
2025-05-13 09:30:00+02:00,38
2025-05-13 10:00:00+02:00,50
2025-05-13 10:30:00+02:00,54
2025-05-13 11:00:00+02:00,53
2025-05-13 11:30:00+02:00,59
2025-05-13 12:00:00+02:00,49
2025-05-13 12:30:00+02:00,46
2025-05-13 13:00:00+02:00,34
2025-05-13 13:30:00+02:00,38
2025-05-13 14:00:00+02:00,30
2025-05-13 14:30:00+02:00,34
2025-05-13 15:00:00+02:00,38
2025-05-13 15:30:00+02:00,45
2025-05-13 16:00:00+02:00,52
2025-05-13 16:30:00+02:00,48
2025-05-13 17:00:00+02:00,56
2025-05-13 17:30:00+02:00,59
2025-05-14 08:00:00+02:00,26
2025-05-14 08:30:00+02:00,23
2025-05-14 09:00:00+02:00,24
2025-05-14 09:30:00+02:00,26
2025-05-14 10:00:00+02:00,38
2025-05-14 10:30:00+02:00,40
2025-05-14 11:00:00+02:00,40
2025-05-14 11:30:00+02:00,39
2025-05-14 12:00:00+02:00,26
2025-05-14 12:30:00+02:00,30
2025-05-14 13:00:00+02:00,21
2025-05-14 13:30:00+02:00,24
2025-05-14 14:00:00+02:00,21
2025-05-14 14:30:00+02:00,23
2025-05-14 15:00:00+02:00,27
2025-05-14 15:30:00+02:00,32
2025-05-14 16:00:00+02:00,44
2025-05-14 16:30:00+02:00,31
2025-05-14 17:00:00+02:00,40
2025-05-14 17:30:00+02:00,48
2025-05-15 08:00:00+02:00,35
2025-05-15 08:30:00+02:00,43
2025-05-15 09:00:00+02:00,40
2025-05-15 09:30:00+02:00,42
2025-05-15 10:00:00+02:00,48
2025-05-15 10:30:00+02:00,48
2025-05-15 11:00:00+02:00,51
2025-05-15 11:30:00+02:00,56
2025-05-15 12:00:00+02:00,39
2025-05-15 12:30:00+02:00,40
2025-05-15 13:00:00+02:00,37
2025-05-15 13:30:00+02:00,39
2025-05-15 14:00:00+02:00,32
2025-05-15 14:30:00+02:00,29
2025-05-15 15:00:00+02:00,45
2025-05-15 15:30:00+02:00,48
2025-05-15 16:00:00+02:00,58
2025-05-15 16:30:00+02:00,74
2025-05-15 17:00:00+02:00,53
2025-05-15 17:30:00+02:00,50
2025-05-16 08:00:00+02:00,50
2025-05-16 08:30:00+02:00,40
2025-05-16 09:00:00+02:00,38
2025-05-16 09:30:00+02:00,42
2025-05-16 10:00:00+02:00,74
2025-05-16 10:30:00+02:00,75
2025-05-16 11:00:00+02:00,58
2025-05-16 11:30:00+02:00,69
2025-05-16 12:00:00+02:00,52
2025-05-16 12:30:00+02:00,56
2025-05-16 13:00:00+02:00,36
2025-05-16 13:30:00+02:00,42
2025-05-16 14:00:00+02:00,42
2025-05-16 14:30:00+02:00,48
2025-05-16 15:00:00+02:00,64
2025-05-16 15:30:00+02:00,43
2025-05-16 16:00:00+02:00,71
2025-05-16 16:30:00+02:00,82
2025-05-16 17:00:00+02:00,55
2025-05-16 17:30:00+02:00,63
2025-05-17 09:00:00+02:00,25
2025-05-17 09:30:00+02:00,21
2025-05-17 10:00:00+02:00,36
2025-05-17 10:30:00+02:00,33
2025-05-17 11:00:00+02:00,28
2025-05-17 11:30:00+02:00,35
2025-05-17 12:00:00+02:00,22
2025-05-17 12:30:00+02:00,28
2025-05-19 08:00:00+02:00,48
2025-05-19 08:30:00+02:00,48
2025-05-19 09:00:00+02:00,42
2025-05-19 09:30:00+02:00,44
2025-05-19 10:00:00+02:00,79
2025-05-19 10:30:00+02:00,69
2025-05-19 11:00:00+02:00,82
2025-05-19 11:30:00+02:00,66
2025-05-19 12:00:00+02:00,54
2025-05-19 12:30:00+02:00,51
2025-05-19 13:00:00+02:00,49
2025-05-19 13:30:00+02:00,38
2025-05-19 14:00:00+02:00,47
2025-05-19 14:30:00+02:00,43
2025-05-19 15:00:00+02:00,47
2025-05-19 15:30:00+02:00,54
2025-05-19 16:00:00+02:00,86
2025-05-19 16:30:00+02:00,68
2025-05-19 17:00:00+02:00,72
2025-05-19 17:30:00+02:00,61
2025-05-20 08:00:00+02:00,36
2025-05-20 08:30:00+02:00,34
2025-05-20 09:00:00+02:00,35
2025-05-20 09:30:00+02:00,42
2025-05-20 10:00:00+02:00,60
2025-05-20 10:30:00+02:00,60
2025-05-20 11:00:00+02:00,55
2025-05-20 11:30:00+02:00,70
2025-05-20 12:00:00+02:00,42
2025-05-20 12:30:00+02:00,40
2025-05-20 13:00:00+02:00,46
2025-05-20 13:30:00+02:00,33
2025-05-20 14:00:00+02:00,31
2025-05-20 14:30:00+02:00,34
2025-05-20 15:00:00+02:00,38
2025-05-20 15:30:00+02:00,47
2025-05-20 16:00:00+02:00,62
2025-05-20 16:30:00+02:00,52
2025-05-20 17:00:00+02:00,69
2025-05-20 17:30:00+02:00,60
2025-05-21 08:00:00+02:00,24
2025-05-21 08:30:00+02:00,22
2025-05-21 09:00:00+02:00,23
2025-05-21 09:30:00+02:00,20
2025-05-21 10:00:00+02:00,41
2025-05-21 10:30:00+02:00,44
2025-05-21 11:00:00+02:00,39
2025-05-21 11:30:00+02:00,41
2025-05-21 12:00:00+02:00,28
2025-05-21 12:30:00+02:00,25
2025-05-21 13:00:00+02:00,20
2025-05-21 13:30:00+02:00,22
2025-05-21 14:00:00+02:00,27
2025-05-21 14:30:00+02:00,20
2025-05-21 15:00:00+02:00,28
2025-05-21 15:30:00+02:00,26
2025-05-21 16:00:00+02:00,39
2025-05-21 16:30:00+02:00,39
2025-05-21 17:00:00+02:00,40
2025-05-21 17:30:00+02:00,37
2025-05-22 08:00:00+02:00,32
2025-05-22 08:30:00+02:00,34
2025-05-22 09:00:00+02:00,35
2025-05-22 09:30:00+02:00,34
2025-05-22 10:00:00+02:00,52
2025-05-22 10:30:00+02:00,52
2025-05-22 11:00:00+02:00,61
2025-05-22 11:30:00+02:00,58
2025-05-22 12:00:00+02:00,43
2025-05-22 12:30:00+02:00,40
2025-05-22 13:00:00+02:00,38
2025-05-22 13:30:00+02:00,35
2025-05-22 14:00:00+02:00,41
2025-05-22 14:30:00+02:00,34
2025-05-22 15:00:00+02:00,42
2025-05-22 15:30:00+02:00,37
2025-05-22 16:00:00+02:00,49
2025-05-22 16:30:00+02:00,51
2025-05-22 17:00:00+02:00,58
2025-05-22 17:30:00+02:00,41
2025-05-23 08:00:00+02:00,37
2025-05-23 08:30:00+02:00,51
2025-05-23 09:00:00+02:00,33
2025-05-23 09:30:00+02:00,43
2025-05-23 10:00:00+02:00,75
2025-05-23 10:30:00+02:00,74
2025-05-23 11:00:00+02:00,60
2025-05-23 11:30:00+02:00,78
2025-05-23 12:00:00+02:00,48
2025-05-23 12:30:00+02:00,47
2025-05-23 13:00:00+02:00,51
2025-05-23 13:30:00+02:00,37
2025-05-23 14:00:00+02:00,39
2025-05-23 14:30:00+02:00,45
2025-05-23 15:00:00+02:00,52
2025-05-23 15:30:00+02:00,54
2025-05-23 16:00:00+02:00,80
2025-05-23 16:30:00+02:00,71
2025-05-23 17:00:00+02:00,57
2025-05-23 17:30:00+02:00,78
2025-05-24 09:00:00+02:00,19
2025-05-24 09:30:00+02:00,21
2025-05-24 10:00:00+02:00,36
2025-05-24 10:30:00+02:00,33
2025-05-24 11:00:00+02:00,29
2025-05-24 11:30:00+02:00,39
2025-05-24 12:00:00+02:00,24
2025-05-24 12:30:00+02:00,20
2025-05-26 08:00:00+02:00,40
2025-05-26 08:30:00+02:00,39
2025-05-26 09:00:00+02:00,40
2025-05-26 09:30:00+02:00,47
2025-05-26 10:00:00+02:00,55
2025-05-26 10:30:00+02:00,65
2025-05-26 11:00:00+02:00,74
2025-05-26 11:30:00+02:00,75
2025-05-26 12:00:00+02:00,48
2025-05-26 12:30:00+02:00,56
2025-05-26 13:00:00+02:00,36
2025-05-26 13:30:00+02:00,41
2025-05-26 14:00:00+02:00,30
2025-05-26 14:30:00+02:00,42
2025-05-26 15:00:00+02:00,48
2025-05-26 15:30:00+02:00,48
2025-05-26 16:00:00+02:00,77
2025-05-26 16:30:00+02:00,88
2025-05-26 17:00:00+02:00,78
2025-05-26 17:30:00+02:00,81
2025-05-27 08:00:00+02:00,34
2025-05-27 08:30:00+02:00,32
2025-05-27 09:00:00+02:00,37
2025-05-27 09:30:00+02:00,37
2025-05-27 10:00:00+02:00,57
2025-05-27 10:30:00+02:00,47
2025-05-27 11:00:00+02:00,53
2025-05-27 11:30:00+02:00,55
2025-05-27 12:00:00+02:00,41
2025-05-27 12:30:00+02:00,49
2025-05-27 13:00:00+02:00,30
2025-05-27 13:30:00+02:00,32
2025-05-27 14:00:00+02:00,33
2025-05-27 14:30:00+02:00,35
2025-05-27 15:00:00+02:00,48
2025-05-27 15:30:00+02:00,38
2025-05-27 16:00:00+02:00,50
2025-05-27 16:30:00+02:00,57
2025-05-27 17:00:00+02:00,61
2025-05-27 17:30:00+02:00,52
2025-05-28 08:00:00+02:00,21
2025-05-28 08:30:00+02:00,26
2025-05-28 09:00:00+02:00,23
2025-05-28 09:30:00+02:00,22
2025-05-28 10:00:00+02:00,42
2025-05-28 10:30:00+02:00,37
2025-05-28 11:00:00+02:00,44
2025-05-28 11:30:00+02:00,40
2025-05-28 12:00:00+02:00,25
2025-05-28 12:30:00+02:00,27
2025-05-28 13:00:00+02:00,22
2025-05-28 13:30:00+02:00,24
2025-05-28 14:00:00+02:00,23
2025-05-28 14:30:00+02:00,18
2025-05-28 15:00:00+02:00,28
2025-05-28 15:30:00+02:00,30
2025-05-28 16:00:00+02:00,42
2025-05-28 16:30:00+02:00,40
2025-05-28 17:00:00+02:00,44
2025-05-28 17:30:00+02:00,41
2025-05-29 08:00:00+02:00,32
2025-05-29 08:30:00+02:00,31
2025-05-29 09:00:00+02:00,29
2025-05-29 09:30:00+02:00,27
2025-05-29 10:00:00+02:00,65
2025-05-29 10:30:00+02:00,51
2025-05-29 11:00:00+02:00,57
2025-05-29 11:30:00+02:00,48
2025-05-29 12:00:00+02:00,30
2025-05-29 12:30:00+02:00,46
2025-05-29 13:00:00+02:00,32
2025-05-29 13:30:00+02:00,29
2025-05-29 14:00:00+02:00,34
2025-05-29 14:30:00+02:00,32
2025-05-29 15:00:00+02:00,39
2025-05-29 15:30:00+02:00,42
2025-05-29 16:00:00+02:00,62
2025-05-29 16:30:00+02:00,51
2025-05-29 17:00:00+02:00,45
2025-05-29 17:30:00+02:00,59
2025-05-30 08:00:00+02:00,53
2025-05-30 08:30:00+02:00,35
2025-05-30 09:00:00+02:00,44
2025-05-30 09:30:00+02:00,44
2025-05-30 10:00:00+02:00,69
2025-05-30 10:30:00+02:00,71
2025-05-30 11:00:00+02:00,74
2025-05-30 11:30:00+02:00,81
2025-05-30 12:00:00+02:00,52
2025-05-30 12:30:00+02:00,50
2025-05-30 13:00:00+02:00,38
2025-05-30 13:30:00+02:00,40
2025-05-30 14:00:00+02:00,55
2025-05-30 14:30:00+02:00,39
2025-05-30 15:00:00+02:00,61
2025-05-30 15:30:00+02:00,57
2025-05-30 16:00:00+02:00,75
2025-05-30 16:30:00+02:00,54
2025-05-30 17:00:00+02:00,64
2025-05-30 17:30:00+02:00,73
2025-05-31 09:00:00+02:00,21
2025-05-31 09:30:00+02:00,22
2025-05-31 10:00:00+02:00,34
2025-05-31 10:30:00+02:00,35
2025-05-31 11:00:00+02:00,43
2025-05-31 11:30:00+02:00,38
2025-05-31 12:00:00+02:00,30
2025-05-31 12:30:00+02:00,20
2025-06-02 08:00:00+02:00,42
2025-06-02 08:30:00+02:00,39
2025-06-02 09:00:00+02:00,40
2025-06-02 09:30:00+02:00,49
2025-06-02 10:00:00+02:00,67
2025-06-02 10:30:00+02:00,54
2025-06-02 11:00:00+02:00,58
2025-06-02 11:30:00+02:00,65
2025-06-02 12:00:00+02:00,54
2025-06-02 12:30:00+02:00,59
2025-06-02 13:00:00+02:00,44
2025-06-02 13:30:00+02:00,40
2025-06-02 14:00:00+02:00,34
2025-06-02 14:30:00+02:00,41
2025-06-02 15:00:00+02:00,58
2025-06-02 15:30:00+02:00,49
2025-06-02 16:00:00+02:00,62
2025-06-02 16:30:00+02:00,75
2025-06-02 17:00:00+02:00,76
2025-06-02 17:30:00+02:00,58
2025-06-03 08:00:00+02:00,34
2025-06-03 08:30:00+02:00,35
2025-06-03 09:00:00+02:00,39
2025-06-03 09:30:00+02:00,31
2025-06-03 10:00:00+02:00,43
2025-06-03 10:30:00+02:00,55
2025-06-03 11:00:00+02:00,47
2025-06-03 11:30:00+02:00,53
2025-06-03 12:00:00+02:00,42
2025-06-03 12:30:00+02:00,38
2025-06-03 13:00:00+02:00,24
2025-06-03 13:30:00+02:00,35
2025-06-03 14:00:00+02:00,33
2025-06-03 14:30:00+02:00,30
2025-06-03 15:00:00+02:00,40
2025-06-03 15:30:00+02:00,35
2025-06-03 16:00:00+02:00,51
2025-06-03 16:30:00+02:00,53
2025-06-03 17:00:00+02:00,61
2025-06-03 17:30:00+02:00,55
2025-06-04 08:00:00+02:00,22
2025-06-04 08:30:00+02:00,22
2025-06-04 09:00:00+02:00,25
2025-06-04 09:30:00+02:00,21
2025-06-04 10:00:00+02:00,38
2025-06-04 10:30:00+02:00,42
2025-06-04 11:00:00+02:00,46
2025-06-04 11:30:00+02:00,42
2025-06-04 12:00:00+02:00,26
2025-06-04 12:30:00+02:00,26
2025-06-04 13:00:00+02:00,20
2025-06-04 13:30:00+02:00,23
2025-06-04 14:00:00+02:00,26
2025-06-04 14:30:00+02:00,22
2025-06-04 15:00:00+02:00,31
2025-06-04 15:30:00+02:00,32
2025-06-04 16:00:00+02:00,36
2025-06-04 16:30:00+02:00,36
2025-06-04 17:00:00+02:00,36
2025-06-04 17:30:00+02:00,34
2025-06-05 08:00:00+02:00,29
2025-06-05 08:30:00+02:00,32
2025-06-05 09:00:00+02:00,32
2025-06-05 09:30:00+02:00,31
2025-06-05 10:00:00+02:00,53
2025-06-05 10:30:00+02:00,60
2025-06-05 11:00:00+02:00,61
2025-06-05 11:30:00+02:00,54
2025-06-05 12:00:00+02:00,32
2025-06-05 12:30:00+02:00,42
2025-06-05 13:00:00+02:00,29
2025-06-05 13:30:00+02:00,28
2025-06-05 14:00:00+02:00,31
2025-06-05 14:30:00+02:00,29
2025-06-05 15:00:00+02:00,38
2025-06-05 15:30:00+02:00,44
2025-06-05 16:00:00+02:00,58
2025-06-05 16:30:00+02:00,47
2025-06-05 17:00:00+02:00,45
2025-06-05 17:30:00+02:00,53
2025-06-06 08:00:00+02:00,42
2025-06-06 08:30:00+02:00,41
2025-06-06 09:00:00+02:00,40
2025-06-06 09:30:00+02:00,40
2025-06-06 10:00:00+02:00,55
2025-06-06 10:30:00+02:00,57
2025-06-06 11:00:00+02:00,70
2025-06-06 11:30:00+02:00,68
2025-06-06 12:00:00+02:00,39
2025-06-06 12:30:00+02:00,47
2025-06-06 13:00:00+02:00,37
2025-06-06 13:30:00+02:00,46
2025-06-06 14:00:00+02:00,34
2025-06-06 14:30:00+02:00,36
2025-06-06 15:00:00+02:00,45
2025-06-06 15:30:00+02:00,62
2025-06-06 16:00:00+02:00,78
2025-06-06 16:30:00+02:00,64
2025-06-06 17:00:00+02:00,66
2025-06-06 17:30:00+02:00,68
2025-06-07 09:00:00+02:00,17
2025-06-07 09:30:00+02:00,27
2025-06-07 10:00:00+02:00,31
2025-06-07 10:30:00+02:00,38
2025-06-07 11:00:00+02:00,31
2025-06-07 11:30:00+02:00,29
2025-06-07 12:00:00+02:00,25
2025-06-07 12:30:00+02:00,22
2025-06-09 08:00:00+02:00,42
2025-06-09 08:30:00+02:00,38
2025-06-09 09:00:00+02:00,40
2025-06-09 09:30:00+02:00,44
2025-06-09 10:00:00+02:00,53
2025-06-09 10:30:00+02:00,64
2025-06-09 11:00:00+02:00,74
2025-06-09 11:30:00+02:00,76
2025-06-09 12:00:00+02:00,58
2025-06-09 12:30:00+02:00,49
2025-06-09 13:00:00+02:00,44
2025-06-09 13:30:00+02:00,38
2025-06-09 14:00:00+02:00,37
2025-06-09 14:30:00+02:00,36
2025-06-09 15:00:00+02:00,54
2025-06-09 15:30:00+02:00,51
2025-06-09 16:00:00+02:00,62
2025-06-09 16:30:00+02:00,72
2025-06-09 17:00:00+02:00,81
2025-06-09 17:30:00+02:00,74
2025-06-10 08:00:00+02:00,36
2025-06-10 08:30:00+02:00,40
2025-06-10 09:00:00+02:00,31
2025-06-10 09:30:00+02:00,29
2025-06-10 10:00:00+02:00,59
2025-06-10 10:30:00+02:00,55
2025-06-10 11:00:00+02:00,60
2025-06-10 11:30:00+02:00,60
2025-06-10 12:00:00+02:00,38
2025-06-10 12:30:00+02:00,36
2025-06-10 13:00:00+02:00,34
2025-06-10 13:30:00+02:00,27
2025-06-10 14:00:00+02:00,32
2025-06-10 14:30:00+02:00,35
2025-06-10 15:00:00+02:00,40
2025-06-10 15:30:00+02:00,40
2025-06-10 16:00:00+02:00,49
2025-06-10 16:30:00+02:00,62
2025-06-10 17:00:00+02:00,55
2025-06-10 17:30:00+02:00,56
2025-06-11 08:00:00+02:00,23
2025-06-11 08:30:00+02:00,21
2025-06-11 09:00:00+02:00,22
2025-06-11 09:30:00+02:00,27
2025-06-11 10:00:00+02:00,35
2025-06-11 10:30:00+02:00,36
2025-06-11 11:00:00+02:00,36
2025-06-11 11:30:00+02:00,29
2025-06-11 12:00:00+02:00,26
2025-06-11 12:30:00+02:00,27
2025-06-11 13:00:00+02:00,25
2025-06-11 13:30:00+02:00,27
2025-06-11 14:00:00+02:00,20
2025-06-11 14:30:00+02:00,18
2025-06-11 15:00:00+02:00,22
2025-06-11 15:30:00+02:00,22
2025-06-11 16:00:00+02:00,45
2025-06-11 16:30:00+02:00,33
2025-06-11 17:00:00+02:00,34
2025-06-11 17:30:00+02:00,37
2025-06-12 08:00:00+02:00,34
2025-06-12 08:30:00+02:00,32
2025-06-12 09:00:00+02:00,37
2025-06-12 09:30:00+02:00,32
2025-06-12 10:00:00+02:00,54
2025-06-12 10:30:00+02:00,54
2025-06-12 11:00:00+02:00,62
2025-06-12 11:30:00+02:00,50
2025-06-12 12:00:00+02:00,51
2025-06-12 12:30:00+02:00,36
2025-06-12 13:00:00+02:00,31
2025-06-12 13:30:00+02:00,33
2025-06-12 14:00:00+02:00,32
2025-06-12 14:30:00+02:00,37
2025-06-12 15:00:00+02:00,38
2025-06-12 15:30:00+02:00,49
2025-06-12 16:00:00+02:00,52
2025-06-12 16:30:00+02:00,54
2025-06-12 17:00:00+02:00,43
2025-06-12 17:30:00+02:00,45
2025-06-13 08:00:00+02:00,43
2025-06-13 08:30:00+02:00,50
2025-06-13 09:00:00+02:00,53
2025-06-13 09:30:00+02:00,36
2025-06-13 10:00:00+02:00,69
2025-06-13 10:30:00+02:00,62
2025-06-13 11:00:00+02:00,66
2025-06-13 11:30:00+02:00,64
2025-06-13 12:00:00+02:00,42
2025-06-13 12:30:00+02:00,52
2025-06-13 13:00:00+02:00,40
2025-06-13 13:30:00+02:00,41
2025-06-13 14:00:00+02:00,38
2025-06-13 14:30:00+02:00,49
2025-06-13 15:00:00+02:00,45
2025-06-13 15:30:00+02:00,59
2025-06-13 16:00:00+02:00,73
2025-06-13 16:30:00+02:00,74
2025-06-13 17:00:00+02:00,62
2025-06-13 17:30:00+02:00,74
2025-06-14 09:00:00+02:00,17
2025-06-14 09:30:00+02:00,17
2025-06-14 10:00:00+02:00,38
2025-06-14 10:30:00+02:00,33
2025-06-14 11:00:00+02:00,37
2025-06-14 11:30:00+02:00,32
2025-06-14 12:00:00+02:00,18
2025-06-14 12:30:00+02:00,24
2025-06-16 08:00:00+02:00,48
2025-06-16 08:30:00+02:00,51
2025-06-16 09:00:00+02:00,44
2025-06-16 09:30:00+02:00,49
2025-06-16 10:00:00+02:00,66
2025-06-16 10:30:00+02:00,69
2025-06-16 11:00:00+02:00,64
2025-06-16 11:30:00+02:00,65
2025-06-16 12:00:00+02:00,48
2025-06-16 12:30:00+02:00,48
2025-06-16 13:00:00+02:00,44
2025-06-16 13:30:00+02:00,42
2025-06-16 14:00:00+02:00,47
2025-06-16 14:30:00+02:00,38
2025-06-16 15:00:00+02:00,54
2025-06-16 15:30:00+02:00,57
2025-06-16 16:00:00+02:00,70
2025-06-16 16:30:00+02:00,57
2025-06-16 17:00:00+02:00,75
2025-06-16 17:30:00+02:00,69
2025-06-17 08:00:00+02:00,27
2025-06-17 08:30:00+02:00,33
2025-06-17 09:00:00+02:00,38
2025-06-17 09:30:00+02:00,35
2025-06-17 10:00:00+02:00,56
2025-06-17 10:30:00+02:00,53
2025-06-17 11:00:00+02:00,41
2025-06-17 11:30:00+02:00,43
2025-06-17 12:00:00+02:00,39
2025-06-17 12:30:00+02:00,35
2025-06-17 13:00:00+02:00,29
2025-06-17 13:30:00+02:00,37
2025-06-17 14:00:00+02:00,27
2025-06-17 14:30:00+02:00,30
2025-06-17 15:00:00+02:00,35
2025-06-17 15:30:00+02:00,40
2025-06-17 16:00:00+02:00,41
2025-06-17 16:30:00+02:00,65
2025-06-17 17:00:00+02:00,58
2025-06-17 17:30:00+02:00,53
2025-06-18 08:00:00+02:00,26
2025-06-18 08:30:00+02:00,21
2025-06-18 09:00:00+02:00,20
2025-06-18 09:30:00+02:00,28
2025-06-18 10:00:00+02:00,44
2025-06-18 10:30:00+02:00,34
2025-06-18 11:00:00+02:00,43
2025-06-18 11:30:00+02:00,36
2025-06-18 12:00:00+02:00,23
2025-06-18 12:30:00+02:00,22
2025-06-18 13:00:00+02:00,21
2025-06-18 13:30:00+02:00,21
2025-06-18 14:00:00+02:00,19
2025-06-18 14:30:00+02:00,20
2025-06-18 15:00:00+02:00,24
2025-06-18 15:30:00+02:00,30
2025-06-18 16:00:00+02:00,40
2025-06-18 16:30:00+02:00,40
2025-06-18 17:00:00+02:00,37
2025-06-18 17:30:00+02:00,28
2025-06-19 08:00:00+02:00,32
2025-06-19 08:30:00+02:00,32
2025-06-19 09:00:00+02:00,27
2025-06-19 09:30:00+02:00,32
2025-06-19 10:00:00+02:00,46
2025-06-19 10:30:00+02:00,64
2025-06-19 11:00:00+02:00,53
2025-06-19 11:30:00+02:00,63
2025-06-19 12:00:00+02:00,41
2025-06-19 12:30:00+02:00,39
2025-06-19 13:00:00+02:00,29
2025-06-19 13:30:00+02:00,35
2025-06-19 14:00:00+02:00,32
2025-06-19 14:30:00+02:00,29
2025-06-19 15:00:00+02:00,32
2025-06-19 15:30:00+02:00,39
2025-06-19 16:00:00+02:00,53
2025-06-19 16:30:00+02:00,57
2025-06-19 17:00:00+02:00,47
2025-06-19 17:30:00+02:00,51
2025-06-20 08:00:00+02:00,52
2025-06-20 08:30:00+02:00,51
2025-06-20 09:00:00+02:00,47
2025-06-20 09:30:00+02:00,35
2025-06-20 10:00:00+02:00,61
2025-06-20 10:30:00+02:00,73
2025-06-20 11:00:00+02:00,74
2025-06-20 11:30:00+02:00,79
2025-06-20 12:00:00+02:00,46
2025-06-20 12:30:00+02:00,47
2025-06-20 13:00:00+02:00,31
2025-06-20 13:30:00+02:00,48
2025-06-20 14:00:00+02:00,35
2025-06-20 14:30:00+02:00,50
2025-06-20 15:00:00+02:00,38
2025-06-20 15:30:00+02:00,56
2025-06-20 16:00:00+02:00,68
2025-06-20 16:30:00+02:00,63
2025-06-20 17:00:00+02:00,70
2025-06-20 17:30:00+02:00,63
2025-06-21 09:00:00+02:00,22
2025-06-21 09:30:00+02:00,22
2025-06-21 10:00:00+02:00,30
2025-06-21 10:30:00+02:00,31
2025-06-21 11:00:00+02:00,30
2025-06-21 11:30:00+02:00,32
2025-06-21 12:00:00+02:00,24
2025-06-21 12:30:00+02:00,25
2025-06-23 08:00:00+02:00,34
2025-06-23 08:30:00+02:00,44
2025-06-23 09:00:00+02:00,43
2025-06-23 09:30:00+02:00,45
2025-06-23 10:00:00+02:00,68
2025-06-23 10:30:00+02:00,76
2025-06-23 11:00:00+02:00,78
2025-06-23 11:30:00+02:00,63
2025-06-23 12:00:00+02:00,52
2025-06-23 12:30:00+02:00,52
2025-06-23 13:00:00+02:00,39
2025-06-23 13:30:00+02:00,47
2025-06-23 14:00:00+02:00,38
2025-06-23 14:30:00+02:00,44
2025-06-23 15:00:00+02:00,42
2025-06-23 15:30:00+02:00,44
2025-06-23 16:00:00+02:00,81
2025-06-23 16:30:00+02:00,72
2025-06-23 17:00:00+02:00,68
2025-06-23 17:30:00+02:00,72
2025-06-24 08:00:00+02:00,35
2025-06-24 08:30:00+02:00,28
2025-06-24 09:00:00+02:00,31
2025-06-24 09:30:00+02:00,38
2025-06-24 10:00:00+02:00,65
2025-06-24 10:30:00+02:00,54
2025-06-24 11:00:00+02:00,53
2025-06-24 11:30:00+02:00,49
2025-06-24 12:00:00+02:00,34
2025-06-24 12:30:00+02:00,38
2025-06-24 13:00:00+02:00,36
2025-06-24 13:30:00+02:00,33
2025-06-24 14:00:00+02:00,31
2025-06-24 14:30:00+02:00,35
2025-06-24 15:00:00+02:00,40
2025-06-24 15:30:00+02:00,35
2025-06-24 16:00:00+02:00,67
2025-06-24 16:30:00+02:00,67
2025-06-24 17:00:00+02:00,56
2025-06-24 17:30:00+02:00,53
2025-06-25 08:00:00+02:00,18
2025-06-25 08:30:00+02:00,28
2025-06-25 09:00:00+02:00,22
2025-06-25 09:30:00+02:00,25
2025-06-25 10:00:00+02:00,34
2025-06-25 10:30:00+02:00,36
2025-06-25 11:00:00+02:00,33
2025-06-25 11:30:00+02:00,35
2025-06-25 12:00:00+02:00,29
2025-06-25 12:30:00+02:00,30
2025-06-25 13:00:00+02:00,24
2025-06-25 13:30:00+02:00,19
2025-06-25 14:00:00+02:00,20
2025-06-25 14:30:00+02:00,18
2025-06-25 15:00:00+02:00,32
2025-06-25 15:30:00+02:00,30
2025-06-25 16:00:00+02:00,42
2025-06-25 16:30:00+02:00,35
2025-06-25 17:00:00+02:00,37
2025-06-25 17:30:00+02:00,39
2025-06-26 08:00:00+02:00,38
2025-06-26 08:30:00+02:00,37
2025-06-26 09:00:00+02:00,31
2025-06-26 09:30:00+02:00,33
2025-06-26 10:00:00+02:00,54
2025-06-26 10:30:00+02:00,51
2025-06-26 11:00:00+02:00,60
2025-06-26 11:30:00+02:00,47
2025-06-26 12:00:00+02:00,36
2025-06-26 12:30:00+02:00,44
2025-06-26 13:00:00+02:00,29
2025-06-26 13:30:00+02:00,28
2025-06-26 14:00:00+02:00,31
2025-06-26 14:30:00+02:00,23
2025-06-26 15:00:00+02:00,42
2025-06-26 15:30:00+02:00,38
2025-06-26 16:00:00+02:00,49
2025-06-26 16:30:00+02:00,58
2025-06-26 17:00:00+02:00,57
2025-06-26 17:30:00+02:00,57
2025-06-27 08:00:00+02:00,36
2025-06-27 08:30:00+02:00,35
2025-06-27 09:00:00+02:00,45
2025-06-27 09:30:00+02:00,43
2025-06-27 10:00:00+02:00,68
2025-06-27 10:30:00+02:00,70
2025-06-27 11:00:00+02:00,80
2025-06-27 11:30:00+02:00,71
2025-06-27 12:00:00+02:00,55
2025-06-27 12:30:00+02:00,46
2025-06-27 13:00:00+02:00,41
2025-06-27 13:30:00+02:00,39
2025-06-27 14:00:00+02:00,34
2025-06-27 14:30:00+02:00,39
2025-06-27 15:00:00+02:00,43
2025-06-27 15:30:00+02:00,48
2025-06-27 16:00:00+02:00,72
2025-06-27 16:30:00+02:00,77
2025-06-27 17:00:00+02:00,60
2025-06-27 17:30:00+02:00,66
2025-06-28 09:00:00+02:00,22
2025-06-28 09:30:00+02:00,20
2025-06-28 10:00:00+02:00,29
2025-06-28 10:30:00+02:00,31
2025-06-28 11:00:00+02:00,33
2025-06-28 11:30:00+02:00,27
2025-06-28 12:00:00+02:00,18
2025-06-28 12:30:00+02:00,20
2025-06-30 08:00:00+02:00,37
2025-06-30 08:30:00+02:00,39
2025-06-30 09:00:00+02:00,51
2025-06-30 09:30:00+02:00,47
2025-06-30 10:00:00+02:00,63
2025-06-30 10:30:00+02:00,55
2025-06-30 11:00:00+02:00,71
2025-06-30 11:30:00+02:00,71
2025-06-30 12:00:00+02:00,47
2025-06-30 12:30:00+02:00,54
2025-06-30 13:00:00+02:00,36
2025-06-30 13:30:00+02:00,38
2025-06-30 14:00:00+02:00,43
2025-06-30 14:30:00+02:00,44
2025-06-30 15:00:00+02:00,43
2025-06-30 15:30:00+02:00,57
2025-06-30 16:00:00+02:00,94
2025-06-30 16:30:00+02:00,60
2025-06-30 17:00:00+02:00,77
2025-06-30 17:30:00+02:00,75
2025-07-01 08:00:00+02:00,33
2025-07-01 08:30:00+02:00,35
2025-07-01 09:00:00+02:00,33
2025-07-01 09:30:00+02:00,31
2025-07-01 10:00:00+02:00,56
2025-07-01 10:30:00+02:00,53
2025-07-01 11:00:00+02:00,68
2025-07-01 11:30:00+02:00,56
2025-07-01 12:00:00+02:00,37
2025-07-01 12:30:00+02:00,45
2025-07-01 13:00:00+02:00,31
2025-07-01 13:30:00+02:00,28
2025-07-01 14:00:00+02:00,31
2025-07-01 14:30:00+02:00,26
2025-07-01 15:00:00+02:00,40
2025-07-01 15:30:00+02:00,37
2025-07-01 16:00:00+02:00,48
2025-07-01 16:30:00+02:00,52
2025-07-01 17:00:00+02:00,51
2025-07-01 17:30:00+02:00,51
2025-07-02 08:00:00+02:00,26
2025-07-02 08:30:00+02:00,21
2025-07-02 09:00:00+02:00,23
2025-07-02 09:30:00+02:00,29
2025-07-02 10:00:00+02:00,33
2025-07-02 10:30:00+02:00,28
2025-07-02 11:00:00+02:00,34
2025-07-02 11:30:00+02:00,46
2025-07-02 12:00:00+02:00,27
2025-07-02 12:30:00+02:00,23
2025-07-02 13:00:00+02:00,22
2025-07-02 13:30:00+02:00,20
2025-07-02 14:00:00+02:00,17
2025-07-02 14:30:00+02:00,22
2025-07-02 15:00:00+02:00,21
2025-07-02 15:30:00+02:00,31
2025-07-02 16:00:00+02:00,38
2025-07-02 16:30:00+02:00,35
2025-07-02 17:00:00+02:00,48
2025-07-02 17:30:00+02:00,39
2025-07-03 08:00:00+02:00,28
2025-07-03 08:30:00+02:00,27
2025-07-03 09:00:00+02:00,33
2025-07-03 09:30:00+02:00,36
2025-07-03 10:00:00+02:00,55
2025-07-03 10:30:00+02:00,59
2025-07-03 11:00:00+02:00,54
2025-07-03 11:30:00+02:00,52
2025-07-03 12:00:00+02:00,44
2025-07-03 12:30:00+02:00,32
2025-07-03 13:00:00+02:00,27
2025-07-03 13:30:00+02:00,31
2025-07-03 14:00:00+02:00,29
2025-07-03 14:30:00+02:00,25
2025-07-03 15:00:00+02:00,39
2025-07-03 15:30:00+02:00,34
2025-07-03 16:00:00+02:00,55
2025-07-03 16:30:00+02:00,61
2025-07-03 17:00:00+02:00,60
2025-07-03 17:30:00+02:00,56
2025-07-04 08:00:00+02:00,43
2025-07-04 08:30:00+02:00,46
2025-07-04 09:00:00+02:00,41
2025-07-04 09:30:00+02:00,51
2025-07-04 10:00:00+02:00,63
2025-07-04 10:30:00+02:00,72
2025-07-04 11:00:00+02:00,69
2025-07-04 11:30:00+02:00,64
2025-07-04 12:00:00+02:00,44
2025-07-04 12:30:00+02:00,48
2025-07-04 13:00:00+02:00,48
2025-07-04 13:30:00+02:00,37
2025-07-04 14:00:00+02:00,41
2025-07-04 14:30:00+02:00,36
2025-07-04 15:00:00+02:00,49
2025-07-04 15:30:00+02:00,50
2025-07-04 16:00:00+02:00,72
2025-07-04 16:30:00+02:00,87
2025-07-04 17:00:00+02:00,65
2025-07-04 17:30:00+02:00,65
2025-07-05 09:00:00+02:00,18
2025-07-05 09:30:00+02:00,22
2025-07-05 10:00:00+02:00,32
2025-07-05 10:30:00+02:00,38
2025-07-05 11:00:00+02:00,31
2025-07-05 11:30:00+02:00,37
2025-07-05 12:00:00+02:00,29
2025-07-05 12:30:00+02:00,19
2025-07-07 08:00:00+02:00,38
2025-07-07 08:30:00+02:00,36
2025-07-07 09:00:00+02:00,48
2025-07-07 09:30:00+02:00,38
2025-07-07 10:00:00+02:00,66
2025-07-07 10:30:00+02:00,62
2025-07-07 11:00:00+02:00,68
2025-07-07 11:30:00+02:00,83
2025-07-07 12:00:00+02:00,46
2025-07-07 12:30:00+02:00,36
2025-07-07 13:00:00+02:00,41
2025-07-07 13:30:00+02:00,37
2025-07-07 14:00:00+02:00,47
2025-07-07 14:30:00+02:00,43
2025-07-07 15:00:00+02:00,51
2025-07-07 15:30:00+02:00,51
2025-07-07 16:00:00+02:00,61
2025-07-07 16:30:00+02:00,66
2025-07-07 17:00:00+02:00,73
2025-07-07 17:30:00+02:00,84
2025-07-08 08:00:00+02:00,29
2025-07-08 08:30:00+02:00,38
2025-07-08 09:00:00+02:00,38
2025-07-08 09:30:00+02:00,33
2025-07-08 10:00:00+02:00,55
2025-07-08 10:30:00+02:00,51
2025-07-08 11:00:00+02:00,55
2025-07-08 11:30:00+02:00,59
2025-07-08 12:00:00+02:00,33
2025-07-08 12:30:00+02:00,45
2025-07-08 13:00:00+02:00,29
2025-07-08 13:30:00+02:00,34
2025-07-08 14:00:00+02:00,32
2025-07-08 14:30:00+02:00,34
2025-07-08 15:00:00+02:00,42
2025-07-08 15:30:00+02:00,31
2025-07-08 16:00:00+02:00,55
2025-07-08 16:30:00+02:00,45
2025-07-08 17:00:00+02:00,57
2025-07-08 17:30:00+02:00,61
2025-07-09 08:00:00+02:00,18
2025-07-09 08:30:00+02:00,23
2025-07-09 09:00:00+02:00,27
2025-07-09 09:30:00+02:00,26
2025-07-09 10:00:00+02:00,36
2025-07-09 10:30:00+02:00,51
2025-07-09 11:00:00+02:00,40
2025-07-09 11:30:00+02:00,40
2025-07-09 12:00:00+02:00,25
2025-07-09 12:30:00+02:00,22
2025-07-09 13:00:00+02:00,21
2025-07-09 13:30:00+02:00,20
2025-07-09 14:00:00+02:00,19
2025-07-09 14:30:00+02:00,23
2025-07-09 15:00:00+02:00,26
2025-07-09 15:30:00+02:00,24
2025-07-09 16:00:00+02:00,41
2025-07-09 16:30:00+02:00,35
2025-07-09 17:00:00+02:00,48
2025-07-09 17:30:00+02:00,41
2025-07-10 08:00:00+02:00,32
2025-07-10 08:30:00+02:00,29
2025-07-10 09:00:00+02:00,33
2025-07-10 09:30:00+02:00,37
2025-07-10 10:00:00+02:00,52
2025-07-10 10:30:00+02:00,43
2025-07-10 11:00:00+02:00,61
2025-07-10 11:30:00+02:00,60
2025-07-10 12:00:00+02:00,35
2025-07-10 12:30:00+02:00,37
2025-07-10 13:00:00+02:00,31
2025-07-10 13:30:00+02:00,33
2025-07-10 14:00:00+02:00,30
2025-07-10 14:30:00+02:00,27
2025-07-10 15:00:00+02:00,35
2025-07-10 15:30:00+02:00,38
2025-07-10 16:00:00+02:00,47
2025-07-10 16:30:00+02:00,73
2025-07-10 17:00:00+02:00,51
2025-07-10 17:30:00+02:00,61
2025-07-11 08:00:00+02:00,49
2025-07-11 08:30:00+02:00,43
2025-07-11 09:00:00+02:00,45
2025-07-11 09:30:00+02:00,43
2025-07-11 10:00:00+02:00,90
2025-07-11 10:30:00+02:00,91
2025-07-11 11:00:00+02:00,75
2025-07-11 11:30:00+02:00,66
2025-07-11 12:00:00+02:00,40
2025-07-11 12:30:00+02:00,57
2025-07-11 13:00:00+02:00,46
2025-07-11 13:30:00+02:00,38
2025-07-11 14:00:00+02:00,47
2025-07-11 14:30:00+02:00,45
2025-07-11 15:00:00+02:00,56
2025-07-11 15:30:00+02:00,54
2025-07-11 16:00:00+02:00,69
2025-07-11 16:30:00+02:00,69
2025-07-11 17:00:00+02:00,52
2025-07-11 17:30:00+02:00,72
2025-07-12 09:00:00+02:00,23
2025-07-12 09:30:00+02:00,18
2025-07-12 10:00:00+02:00,38
2025-07-12 10:30:00+02:00,31
2025-07-12 11:00:00+02:00,40
2025-07-12 11:30:00+02:00,23
2025-07-12 12:00:00+02:00,24
2025-07-12 12:30:00+02:00,25
2025-07-14 08:00:00+02:00,46
2025-07-14 08:30:00+02:00,43
2025-07-14 09:00:00+02:00,32
2025-07-14 09:30:00+02:00,38
2025-07-14 10:00:00+02:00,84
2025-07-14 10:30:00+02:00,68
2025-07-14 11:00:00+02:00,66
2025-07-14 11:30:00+02:00,85
2025-07-14 12:00:00+02:00,39
2025-07-14 12:30:00+02:00,48
2025-07-14 13:00:00+02:00,34
2025-07-14 13:30:00+02:00,40
2025-07-14 14:00:00+02:00,33
2025-07-14 14:30:00+02:00,34
2025-07-14 15:00:00+02:00,54
2025-07-14 15:30:00+02:00,51
2025-07-14 16:00:00+02:00,64
2025-07-14 16:30:00+02:00,68
2025-07-14 17:00:00+02:00,59
2025-07-14 17:30:00+02:00,55
2025-07-15 08:00:00+02:00,31
2025-07-15 08:30:00+02:00,34
2025-07-15 09:00:00+02:00,28
2025-07-15 09:30:00+02:00,28
2025-07-15 10:00:00+02:00,63
2025-07-15 10:30:00+02:00,54
2025-07-15 11:00:00+02:00,62
2025-07-15 11:30:00+02:00,61
2025-07-15 12:00:00+02:00,37
2025-07-15 12:30:00+02:00,43
2025-07-15 13:00:00+02:00,26
2025-07-15 13:30:00+02:00,27
2025-07-15 14:00:00+02:00,22
2025-07-15 14:30:00+02:00,33
2025-07-15 15:00:00+02:00,38
2025-07-15 15:30:00+02:00,39
2025-07-15 16:00:00+02:00,49
2025-07-15 16:30:00+02:00,47
2025-07-15 17:00:00+02:00,52
2025-07-15 17:30:00+02:00,60
2025-07-16 08:00:00+02:00,22
2025-07-16 08:30:00+02:00,21
2025-07-16 09:00:00+02:00,19
2025-07-16 09:30:00+02:00,18
2025-07-16 10:00:00+02:00,46
2025-07-16 10:30:00+02:00,38
2025-07-16 11:00:00+02:00,41
2025-07-16 11:30:00+02:00,33
2025-07-16 12:00:00+02:00,26
2025-07-16 12:30:00+02:00,25
2025-07-16 13:00:00+02:00,20
2025-07-16 13:30:00+02:00,21
2025-07-16 14:00:00+02:00,23
2025-07-16 14:30:00+02:00,21
2025-07-16 15:00:00+02:00,21
2025-07-16 15:30:00+02:00,23
2025-07-16 16:00:00+02:00,34
2025-07-16 16:30:00+02:00,45
2025-07-16 17:00:00+02:00,41
2025-07-16 17:30:00+02:00,34
2025-07-17 08:00:00+02:00,30
2025-07-17 08:30:00+02:00,39
2025-07-17 09:00:00+02:00,32
2025-07-17 09:30:00+02:00,32
2025-07-17 10:00:00+02:00,51
2025-07-17 10:30:00+02:00,58
2025-07-17 11:00:00+02:00,48
2025-07-17 11:30:00+02:00,46
2025-07-17 12:00:00+02:00,52
2025-07-17 12:30:00+02:00,34
2025-07-17 13:00:00+02:00,25
2025-07-17 13:30:00+02:00,35
2025-07-17 14:00:00+02:00,32
2025-07-17 14:30:00+02:00,33
2025-07-17 15:00:00+02:00,36
2025-07-17 15:30:00+02:00,45
2025-07-17 16:00:00+02:00,51
2025-07-17 16:30:00+02:00,58
2025-07-17 17:00:00+02:00,43
2025-07-17 17:30:00+02:00,61
2025-07-18 08:00:00+02:00,47
2025-07-18 08:30:00+02:00,37
2025-07-18 09:00:00+02:00,43
2025-07-18 09:30:00+02:00,34
2025-07-18 10:00:00+02:00,81
2025-07-18 10:30:00+02:00,66
2025-07-18 11:00:00+02:00,74
2025-07-18 11:30:00+02:00,68
2025-07-18 12:00:00+02:00,46
2025-07-18 12:30:00+02:00,46
2025-07-18 13:00:00+02:00,32
2025-07-18 13:30:00+02:00,39
2025-07-18 14:00:00+02:00,50
2025-07-18 14:30:00+02:00,39
2025-07-18 15:00:00+02:00,48
2025-07-18 15:30:00+02:00,57
2025-07-18 16:00:00+02:00,58
2025-07-18 16:30:00+02:00,64
2025-07-18 17:00:00+02:00,62
2025-07-18 17:30:00+02:00,64
2025-07-19 09:00:00+02:00,22
2025-07-19 09:30:00+02:00,20
2025-07-19 10:00:00+02:00,33
2025-07-19 10:30:00+02:00,29
2025-07-19 11:00:00+02:00,28
2025-07-19 11:30:00+02:00,30
2025-07-19 12:00:00+02:00,27
2025-07-19 12:30:00+02:00,22
2025-07-21 08:00:00+02:00,62
2025-07-21 08:30:00+02:00,42
2025-07-21 09:00:00+02:00,38
2025-07-21 09:30:00+02:00,42
2025-07-21 10:00:00+02:00,81
2025-07-21 10:30:00+02:00,63
2025-07-21 11:00:00+02:00,71
2025-07-21 11:30:00+02:00,60
2025-07-21 12:00:00+02:00,39
2025-07-21 12:30:00+02:00,54
2025-07-21 13:00:00+02:00,35
2025-07-21 13:30:00+02:00,39
2025-07-21 14:00:00+02:00,39
2025-07-21 14:30:00+02:00,48
2025-07-21 15:00:00+02:00,42
2025-07-21 15:30:00+02:00,40
2025-07-21 16:00:00+02:00,70
2025-07-21 16:30:00+02:00,68
2025-07-21 17:00:00+02:00,87
2025-07-21 17:30:00+02:00,68
2025-07-22 08:00:00+02:00,28
2025-07-22 08:30:00+02:00,31
2025-07-22 09:00:00+02:00,26
2025-07-22 09:30:00+02:00,31
2025-07-22 10:00:00+02:00,59
2025-07-22 10:30:00+02:00,68
2025-07-22 11:00:00+02:00,46
2025-07-22 11:30:00+02:00,54
2025-07-22 12:00:00+02:00,36
2025-07-22 12:30:00+02:00,37
2025-07-22 13:00:00+02:00,25
2025-07-22 13:30:00+02:00,25
2025-07-22 14:00:00+02:00,30
2025-07-22 14:30:00+02:00,39
2025-07-22 15:00:00+02:00,49
2025-07-22 15:30:00+02:00,38
2025-07-22 16:00:00+02:00,51
2025-07-22 16:30:00+02:00,59
2025-07-22 17:00:00+02:00,56
2025-07-22 17:30:00+02:00,63
2025-07-23 08:00:00+02:00,22
2025-07-23 08:30:00+02:00,22
2025-07-23 09:00:00+02:00,21
2025-07-23 09:30:00+02:00,23
2025-07-23 10:00:00+02:00,42
2025-07-23 10:30:00+02:00,44
2025-07-23 11:00:00+02:00,39
2025-07-23 11:30:00+02:00,37
2025-07-23 12:00:00+02:00,22
2025-07-23 12:30:00+02:00,25
2025-07-23 13:00:00+02:00,23
2025-07-23 13:30:00+02:00,22
2025-07-23 14:00:00+02:00,21
2025-07-23 14:30:00+02:00,19
2025-07-23 15:00:00+02:00,25
2025-07-23 15:30:00+02:00,19
2025-07-23 16:00:00+02:00,42
2025-07-23 16:30:00+02:00,38
2025-07-23 17:00:00+02:00,33
2025-07-23 17:30:00+02:00,33
2025-07-24 08:00:00+02:00,26
2025-07-24 08:30:00+02:00,36
2025-07-24 09:00:00+02:00,31
2025-07-24 09:30:00+02:00,38
2025-07-24 10:00:00+02:00,57
2025-07-24 10:30:00+02:00,57
2025-07-24 11:00:00+02:00,44
2025-07-24 11:30:00+02:00,55
2025-07-24 12:00:00+02:00,47
2025-07-24 12:30:00+02:00,37
2025-07-24 13:00:00+02:00,32
2025-07-24 13:30:00+02:00,31
2025-07-24 14:00:00+02:00,26
2025-07-24 14:30:00+02:00,31
2025-07-24 15:00:00+02:00,39
2025-07-24 15:30:00+02:00,42
2025-07-24 16:00:00+02:00,52
2025-07-24 16:30:00+02:00,49
2025-07-24 17:00:00+02:00,60
2025-07-24 17:30:00+02:00,56
2025-07-25 08:00:00+02:00,45
2025-07-25 08:30:00+02:00,47
2025-07-25 09:00:00+02:00,46
2025-07-25 09:30:00+02:00,36
2025-07-25 10:00:00+02:00,67
2025-07-25 10:30:00+02:00,65
2025-07-25 11:00:00+02:00,73
2025-07-25 11:30:00+02:00,68
2025-07-25 12:00:00+02:00,57
2025-07-25 12:30:00+02:00,51
2025-07-25 13:00:00+02:00,40
2025-07-25 13:30:00+02:00,34
2025-07-25 14:00:00+02:00,45
2025-07-25 14:30:00+02:00,47
2025-07-25 15:00:00+02:00,47
2025-07-25 15:30:00+02:00,58
2025-07-25 16:00:00+02:00,64
2025-07-25 16:30:00+02:00,76
2025-07-25 17:00:00+02:00,62
2025-07-25 17:30:00+02:00,65
2025-07-26 09:00:00+02:00,16
2025-07-26 09:30:00+02:00,16
2025-07-26 10:00:00+02:00,31
2025-07-26 10:30:00+02:00,32
2025-07-26 11:00:00+02:00,31
2025-07-26 11:30:00+02:00,31
2025-07-26 12:00:00+02:00,20
2025-07-26 12:30:00+02:00,27
2025-07-28 08:00:00+02:00,41
2025-07-28 08:30:00+02:00,40
2025-07-28 09:00:00+02:00,47
2025-07-28 09:30:00+02:00,32
2025-07-28 10:00:00+02:00,62
2025-07-28 10:30:00+02:00,65
2025-07-28 11:00:00+02:00,64
2025-07-28 11:30:00+02:00,57
2025-07-28 12:00:00+02:00,52
2025-07-28 12:30:00+02:00,46
2025-07-28 13:00:00+02:00,32
2025-07-28 13:30:00+02:00,43
2025-07-28 14:00:00+02:00,38
2025-07-28 14:30:00+02:00,36
2025-07-28 15:00:00+02:00,44
2025-07-28 15:30:00+02:00,53
2025-07-28 16:00:00+02:00,75
2025-07-28 16:30:00+02:00,57
2025-07-28 17:00:00+02:00,68
2025-07-28 17:30:00+02:00,65
2025-07-29 08:00:00+02:00,33
2025-07-29 08:30:00+02:00,31
2025-07-29 09:00:00+02:00,36
2025-07-29 09:30:00+02:00,28
2025-07-29 10:00:00+02:00,53
2025-07-29 10:30:00+02:00,41
2025-07-29 11:00:00+02:00,56
2025-07-29 11:30:00+02:00,51
2025-07-29 12:00:00+02:00,37
2025-07-29 12:30:00+02:00,34
2025-07-29 13:00:00+02:00,28
2025-07-29 13:30:00+02:00,31
2025-07-29 14:00:00+02:00,25
2025-07-29 14:30:00+02:00,31
2025-07-29 15:00:00+02:00,35
2025-07-29 15:30:00+02:00,35
2025-07-29 16:00:00+02:00,66
2025-07-29 16:30:00+02:00,45
2025-07-29 17:00:00+02:00,66
2025-07-29 17:30:00+02:00,45
2025-07-30 08:00:00+02:00,21
2025-07-30 08:30:00+02:00,23
2025-07-30 09:00:00+02:00,24
2025-07-30 09:30:00+02:00,21
2025-07-30 10:00:00+02:00,34
2025-07-30 10:30:00+02:00,39
2025-07-30 11:00:00+02:00,37
2025-07-30 11:30:00+02:00,31
2025-07-30 12:00:00+02:00,29
2025-07-30 12:30:00+02:00,23
2025-07-30 13:00:00+02:00,20
2025-07-30 13:30:00+02:00,19
2025-07-30 14:00:00+02:00,16
2025-07-30 14:30:00+02:00,24
2025-07-30 15:00:00+02:00,30
2025-07-30 15:30:00+02:00,25
2025-07-30 16:00:00+02:00,41
2025-07-30 16:30:00+02:00,36
2025-07-30 17:00:00+02:00,45
2025-07-30 17:30:00+02:00,35
2025-07-31 08:00:00+02:00,37
2025-07-31 08:30:00+02:00,36
2025-07-31 09:00:00+02:00,38
2025-07-31 09:30:00+02:00,29
2025-07-31 10:00:00+02:00,54
2025-07-31 10:30:00+02:00,53
2025-07-31 11:00:00+02:00,54
2025-07-31 11:30:00+02:00,53
2025-07-31 12:00:00+02:00,37
2025-07-31 12:30:00+02:00,44
2025-07-31 13:00:00+02:00,26
2025-07-31 13:30:00+02:00,30
2025-07-31 14:00:00+02:00,29
2025-07-31 14:30:00+02:00,28
2025-07-31 15:00:00+02:00,38
2025-07-31 15:30:00+02:00,32
2025-07-31 16:00:00+02:00,48
2025-07-31 16:30:00+02:00,68
2025-07-31 17:00:00+02:00,53
2025-07-31 17:30:00+02:00,50
